benchmark_id,model,task_id,agent_run_id,selfcorrection.label,environmentalbarrier.label,tooluse.label,instructionfollowing.label,verification.label
assistantbench,anthropic/claude-opus-4.1,0ec4371851b96837b0a81b3dd3df401415061bb532fbafeb4609f3337c358508,a5cad1a1-86f7-4bf2-808a-69edae0c38e7,no match,no match,True,match,match
assistantbench,anthropic/claude-opus-4.1,291b53e665b4dd4365cde995042db4a6f6fecef3fe3a6f4482f23d61bd673918,3ad19676-4e1c-4cfa-9e81-aa7e2d5e5722,no match,no match,True,no match,no match
assistantbench,anthropic/claude-opus-4.1,2aa5dd83fbcd0dce9a3dd4592106e5b5edf738008d932e357d477bba80e59ccf,80d289e8-a766-4508-8f15-dd2164a58da4,no match,match,False,no match,no match
assistantbench,anthropic/claude-opus-4.1,2ddae3b7a208e3c25f14d82d7a1faaaa1832fbf950b4dac345e755c4c361f294,3d29fdbb-4d07-4c72-bbcb-568a73ddeeba,no match,match,True,no match,no match
assistantbench,anthropic/claude-opus-4.1,3af8028c2a59e28ca88baff0e6d91f2a9f170c5ef91003f1c8406755a2760ad4,a31647ec-dc9f-480f-a0db-1c864a56d1ce,match,match,True,no match,no match
assistantbench,anthropic/claude-opus-4.1,4dbedc5e1a0205e14b7ff3ba89bce3060dab15d0ada3b7e1351a6f2aa8287aec,178d2d8c-84a0-43d1-a6f3-4068c068ce55,no match,no match,False,no match,no match
assistantbench,anthropic/claude-opus-4.1,4e615af6f0348597b4133cc1ec5418bb3f35328e3d95e23a275027cee97b5e09,6235ddfc-3a1e-4ebe-a4c6-296ed2f6dda4,match,no match,True,no match,no match
assistantbench,anthropic/claude-opus-4.1,52f7224e9c79431e7926afe317782711a0028750693e7456cde22ef6f4bd8bd5,4ef66893-2089-4d28-861d-1a4ab439fb02,no match,no match,True,no match,no match
assistantbench,anthropic/claude-opus-4.1,557e78eceec08ca8b0da5f9fdaca6e1c7ec6140a8ce600983ee716327dab005e,0e34b7c5-5658-424f-87c0-412bc4275c06,match,no match,True,match,no match
assistantbench,anthropic/claude-opus-4.1,55f4258484c5b398956133128a50462a767da211f8f72aa5ac5bbffb9bcbba1a,214817f0-ba0a-45d3-b962-dd635225b209,no match,no match,False,no match,match
assistantbench,anthropic/claude-opus-4.1,57d9dc6935e8a40b02e7f8ec81768fe70e68a0c05f6866927c9fda38db38a486,321af7bb-1090-4a3b-8c2a-2c8f6c10b0c6,match,no match,True,match,no match
assistantbench,anthropic/claude-opus-4.1,6b06d186921b8b390c65aebd0d16f09f60a47d2f1288ebe36953f734e84c0a3c,67fd9fa1-3abe-4031-a78c-5d161b2b2b72,no match,no match,True,no match,no match
assistantbench,anthropic/claude-opus-4.1,6e3be83d1949fa52cba03fb1ce4b5b3bf7e37a83fd7d67694b10b2e439d90cf8,6b34cb3e-cecd-4568-ab24-7fe37a01ac4c,match,no match,False,no match,no match
assistantbench,anthropic/claude-opus-4.1,6f224e7730ed027cbac73aebb1aea7f954053082041b02b19f4ff126a0a8a208,a2999537-30e0-4a3c-bc2f-2eb69e9746b3,no match,no match,True,no match,no match
assistantbench,anthropic/claude-opus-4.1,748899d9d70c09beb3bd48ac8a3658bdcfd2f9114fe6dc4c4b8d2f9541ef4607,8d9b8eaa-8e97-4379-8973-3de941657f36,no match,no match,True,no match,no match
assistantbench,anthropic/claude-opus-4.1,797f7a5b65ca28b7e7156e7db1e9f117bd4a021de0cd512bfdbb0be897d89eab,7a961558-274a-49ac-bf41-6a25271f32d9,no match,no match,True,match,no match
assistantbench,anthropic/claude-opus-4.1,8ad84bd6fe38481ba49e7ad1f6fbd43219a999074e5c6fc940003281f55ec65b,daf02c4d-3438-4cdf-9d4b-847335a18323,match,no match,True,no match,no match
assistantbench,anthropic/claude-opus-4.1,8fa42360185068216f2919935148d4e1ad28ddc18da0abd0f4bb0b6b6f84b127,07e8502c-f3cc-451f-87e6-f60f959fbf75,no match,match,False,no match,no match
assistantbench,anthropic/claude-opus-4.1,929b45f34805280d77c61d1e093e3d4e551d77ddb6ecd73552b12b1af286388d,4ee818b0-16ae-4ce7-b3ff-05f63d833eb9,no match,no match,True,no match,no match
assistantbench,anthropic/claude-opus-4.1,99da66d8af02491f98b98c56b26c709e773b5a2ad945fb280375951ba600de09,edb9500a-742b-476b-8378-48da367f9748,no match,no match,False,no match,no match
assistantbench,anthropic/claude-opus-4.1,9baaa267c95f9d8b75741ee9169c50563d297cfa592c20deaffd30dbc5984c74,34790b2f-3315-4ff4-98e2-e143f884f048,,,True,no match,no match
assistantbench,anthropic/claude-opus-4.1,9bdca8677af1e25cb7b0c7992dc62670c3e58e4afcd5ae60bcaa2483556bba00,27ee6bb7-2b3f-4304-aea4-57a59d66402d,match,no match,,no match,match
assistantbench,anthropic/claude-opus-4.1,9e31099fffa6a3891c94934fd4fc2f3f522d51c1904ff3561f3a10e4bf245821,18031d97-a151-41fc-b090-a3d09a6a2aae,match,no match,False,no match,no match
assistantbench,anthropic/claude-opus-4.1,a9074997e698f912b9e751779ea19c1e92fa148404e90e0ae997acea3f9559b0,990f4856-aa02-470e-ba2d-5ce9b495dfd7,match,no match,,no match,match
assistantbench,anthropic/claude-opus-4.1,b36ef2d8f2643b80e74a44ce3403f674ecb2aed7fd36afeaa289061a59feef92,88f20267-4ae0-412b-9199-935e4f0455df,match,no match,True,no match,match
assistantbench,anthropic/claude-opus-4.1,c7afe00869f98cf363fd83677ac41757ed5e57f03eacc3d1304feb0a92084bd1,d3c52844-5953-4e7d-bde3-e49a7c5d9578,,match,,no match,no match
assistantbench,anthropic/claude-opus-4.1,cca4776df3c73e7f9430a2e624aafad056b14322a0b7ca6c0c22b7e7f3f0890a,17721e98-ee8e-470f-86d0-a727944a3a8b,no match,no match,False,match,no match
assistantbench,anthropic/claude-opus-4.1,ccec2229ced20a4b0cb4897e3a99120a3017ea030903e01c9bda6b13d40b0b14,7a981bbb-9790-4ed1-896d-40196bba55a4,no match,no match,False,match,no match
assistantbench,anthropic/claude-opus-4.1,e2dc3a6b10b762e8aba7fa4d4e70f757f6d04dcbc8b56c48fc53fd9928d31d07,8ef735e3-5e16-46d1-bb4a-c370d11aba26,no match,match,True,no match,no match
assistantbench,anthropic/claude-opus-4.1,e6bc98089608217e45b6956a46518fe3cce64a799b3ac43c6974c449ae14c408,a0492125-6a9d-4eab-a1c5-9163ee06d56f,,no match,True,no match,match
assistantbench,anthropic/claude-opus-4.1,efc0f3a47e9ed2ecdbcc037c2093865fe6e39f4d413a5d1ccdc7357160a4606b,357bda3a-3b04-49b7-95f7-d11242f25e00,no match,no match,False,no match,no match
assistantbench,anthropic/claude-opus-4.1,f88066d274e265edd6cd9d61cd80a41accb3a14baf2297652fdd05cdf716d455,709a3e44-328b-4068-b0ef-2a3585c096db,,no match,True,no match,match
assistantbench,anthropic/claude-opus-4.1,fb9ba3ab6a13d0adc677f993e90d54914a5cdf211305a1bba6bf16ec4ccb9b7c,9d732fc8-5ade-4be3-9f8b-12fecb4e30d6,no match,match,True,no match,no match
assistantbench,anthropic/claude-opus-4.1_high,0ec4371851b96837b0a81b3dd3df401415061bb532fbafeb4609f3337c358508,287c85a0-a6c0-4c20-91dd-2a52ecb5282c,no match,,True,match,no match
assistantbench,anthropic/claude-opus-4.1_high,291b53e665b4dd4365cde995042db4a6f6fecef3fe3a6f4482f23d61bd673918,94b295db-aaa2-4ec5-b4c2-32cfa8001c07,match,no match,False,no match,no match
assistantbench,anthropic/claude-opus-4.1_high,2aa5dd83fbcd0dce9a3dd4592106e5b5edf738008d932e357d477bba80e59ccf,dbcd6f7b-74f7-4335-a6f5-c7ae002cf84a,no match,match,True,no match,no match
assistantbench,anthropic/claude-opus-4.1_high,2ddae3b7a208e3c25f14d82d7a1faaaa1832fbf950b4dac345e755c4c361f294,1c10885d-e061-4dff-aeca-c035aab2f18b,no match,no match,False,no match,no match
assistantbench,anthropic/claude-opus-4.1_high,3af8028c2a59e28ca88baff0e6d91f2a9f170c5ef91003f1c8406755a2760ad4,97ad7ca3-c069-40a7-b6d3-6f44ac58e359,match,no match,True,match,no match
assistantbench,anthropic/claude-opus-4.1_high,4dbedc5e1a0205e14b7ff3ba89bce3060dab15d0ada3b7e1351a6f2aa8287aec,1674fda3-7f98-498c-a94b-c6acea8e7fa7,no match,no match,True,no match,match
assistantbench,anthropic/claude-opus-4.1_high,4e615af6f0348597b4133cc1ec5418bb3f35328e3d95e23a275027cee97b5e09,3c043977-e3a5-45ae-bc2b-ee997564a3a9,no match,no match,True,match,no match
assistantbench,anthropic/claude-opus-4.1_high,52f7224e9c79431e7926afe317782711a0028750693e7456cde22ef6f4bd8bd5,8530c830-d130-443e-83b1-f4a3f6dffe01,no match,,True,no match,no match
assistantbench,anthropic/claude-opus-4.1_high,557e78eceec08ca8b0da5f9fdaca6e1c7ec6140a8ce600983ee716327dab005e,9ddabed1-9ae5-41d0-ad78-52b474c25a99,match,no match,False,match,no match
assistantbench,anthropic/claude-opus-4.1_high,55f4258484c5b398956133128a50462a767da211f8f72aa5ac5bbffb9bcbba1a,df0a2a7d-08c0-4fb5-9761-8483919fba04,no match,match,False,no match,no match
assistantbench,anthropic/claude-opus-4.1_high,57d9dc6935e8a40b02e7f8ec81768fe70e68a0c05f6866927c9fda38db38a486,1b7fe9b0-358d-47d5-83d8-40624fa3c6dd,no match,no match,True,no match,no match
assistantbench,anthropic/claude-opus-4.1_high,6b06d186921b8b390c65aebd0d16f09f60a47d2f1288ebe36953f734e84c0a3c,8b1f152b-ceed-41ab-a4f4-e5d06dd3aa9e,no match,no match,False,no match,no match
assistantbench,anthropic/claude-opus-4.1_high,6e3be83d1949fa52cba03fb1ce4b5b3bf7e37a83fd7d67694b10b2e439d90cf8,3ac4db5d-c764-4f9b-8df0-59ce69e294f4,match,no match,False,match,no match
assistantbench,anthropic/claude-opus-4.1_high,6f224e7730ed027cbac73aebb1aea7f954053082041b02b19f4ff126a0a8a208,58cc9e75-678e-40ae-9c40-d6ba97fd9ea9,no match,no match,True,,no match
assistantbench,anthropic/claude-opus-4.1_high,748899d9d70c09beb3bd48ac8a3658bdcfd2f9114fe6dc4c4b8d2f9541ef4607,75333550-20dc-4c46-abe4-c3c78add365c,match,no match,True,no match,no match
assistantbench,anthropic/claude-opus-4.1_high,797f7a5b65ca28b7e7156e7db1e9f117bd4a021de0cd512bfdbb0be897d89eab,b1392190-3150-41ce-a574-738dd98109eb,no match,no match,,match,no match
assistantbench,anthropic/claude-opus-4.1_high,8ad84bd6fe38481ba49e7ad1f6fbd43219a999074e5c6fc940003281f55ec65b,a31d7aa7-a94d-4da4-a95e-f7aca4aafcc4,no match,no match,True,no match,no match
assistantbench,anthropic/claude-opus-4.1_high,8fa42360185068216f2919935148d4e1ad28ddc18da0abd0f4bb0b6b6f84b127,ec707caf-d1fb-44a7-a105-f4eb2ecfbb80,no match,match,True,no match,no match
assistantbench,anthropic/claude-opus-4.1_high,929b45f34805280d77c61d1e093e3d4e551d77ddb6ecd73552b12b1af286388d,f957713f-cad3-49da-868a-ad11d6af76db,no match,no match,,no match,no match
assistantbench,anthropic/claude-opus-4.1_high,99da66d8af02491f98b98c56b26c709e773b5a2ad945fb280375951ba600de09,c0ea5d6b-d4a3-4d6c-ac5d-1c19e716bb41,no match,no match,False,no match,no match
assistantbench,anthropic/claude-opus-4.1_high,9baaa267c95f9d8b75741ee9169c50563d297cfa592c20deaffd30dbc5984c74,3344867c-66cb-4712-b375-4f01475d65de,match,match,False,no match,no match
assistantbench,anthropic/claude-opus-4.1_high,9bdca8677af1e25cb7b0c7992dc62670c3e58e4afcd5ae60bcaa2483556bba00,a81ac465-c2df-458d-9c90-af544aeff9d8,match,no match,False,match,no match
assistantbench,anthropic/claude-opus-4.1_high,9e31099fffa6a3891c94934fd4fc2f3f522d51c1904ff3561f3a10e4bf245821,ecb78b0d-7c87-4312-a814-9a67eccf400d,no match,no match,True,no match,match
assistantbench,anthropic/claude-opus-4.1_high,a9074997e698f912b9e751779ea19c1e92fa148404e90e0ae997acea3f9559b0,85e076f4-7407-4341-970e-b7a6de00a645,no match,no match,True,no match,match
assistantbench,anthropic/claude-opus-4.1_high,b36ef2d8f2643b80e74a44ce3403f674ecb2aed7fd36afeaa289061a59feef92,16c79e32-6f02-4a4d-abc3-8c47e7e5281c,match,no match,True,no match,match
assistantbench,anthropic/claude-opus-4.1_high,c7afe00869f98cf363fd83677ac41757ed5e57f03eacc3d1304feb0a92084bd1,71604dad-72a4-4011-94a7-df1a43832d54,no match,no match,True,no match,no match
assistantbench,anthropic/claude-opus-4.1_high,cca4776df3c73e7f9430a2e624aafad056b14322a0b7ca6c0c22b7e7f3f0890a,5e665eee-2791-4f3c-9955-aefa169e0d7a,no match,no match,False,no match,no match
assistantbench,anthropic/claude-opus-4.1_high,ccec2229ced20a4b0cb4897e3a99120a3017ea030903e01c9bda6b13d40b0b14,8bb1b2a9-3e59-49cb-a057-41132a5f77a2,match,no match,True,match,no match
assistantbench,anthropic/claude-opus-4.1_high,e2dc3a6b10b762e8aba7fa4d4e70f757f6d04dcbc8b56c48fc53fd9928d31d07,7ee2a133-3163-47b9-b65b-2c372c519adb,no match,match,True,no match,no match
assistantbench,anthropic/claude-opus-4.1_high,e6bc98089608217e45b6956a46518fe3cce64a799b3ac43c6974c449ae14c408,d23d6de8-3450-4e9b-8a2a-da522df87d64,no match,,True,no match,no match
assistantbench,anthropic/claude-opus-4.1_high,efc0f3a47e9ed2ecdbcc037c2093865fe6e39f4d413a5d1ccdc7357160a4606b,e8a228e2-5403-43d5-aae3-a807e1d18ae8,no match,no match,False,no match,no match
assistantbench,anthropic/claude-opus-4.1_high,f88066d274e265edd6cd9d61cd80a41accb3a14baf2297652fdd05cdf716d455,a1bd105b-c86f-4e04-a962-43338e97dc60,no match,no match,True,no match,no match
assistantbench,anthropic/claude-opus-4.1_high,fb9ba3ab6a13d0adc677f993e90d54914a5cdf211305a1bba6bf16ec4ccb9b7c,eb017b6d-b94a-4bca-8cb0-1bc007ba8630,no match,no match,True,match,match
assistantbench,claude-3-7-sonnet-20250219,0ec4371851b96837b0a81b3dd3df401415061bb532fbafeb4609f3337c358508,e6fa8143-bc92-4d1a-a8fa-394101e74816,no match,match,False,no match,match
assistantbench,claude-3-7-sonnet-20250219,291b53e665b4dd4365cde995042db4a6f6fecef3fe3a6f4482f23d61bd673918,ebc473ec-68b0-4ec0-9d21-795e55f169f8,no match,no match,True,match,no match
assistantbench,claude-3-7-sonnet-20250219,2aa5dd83fbcd0dce9a3dd4592106e5b5edf738008d932e357d477bba80e59ccf,152977c2-c13d-4445-bd80-bcea5ededa7d,no match,match,False,no match,no match
assistantbench,claude-3-7-sonnet-20250219,2ddae3b7a208e3c25f14d82d7a1faaaa1832fbf950b4dac345e755c4c361f294,94237f4e-ab03-4ea9-9a64-b91f9616d1a8,no match,match,False,no match,no match
assistantbench,claude-3-7-sonnet-20250219,3af8028c2a59e28ca88baff0e6d91f2a9f170c5ef91003f1c8406755a2760ad4,d1569761-b22f-4737-b7fa-1f8f63d7c86d,match,match,False,no match,match
assistantbench,claude-3-7-sonnet-20250219,4dbedc5e1a0205e14b7ff3ba89bce3060dab15d0ada3b7e1351a6f2aa8287aec,5068ed80-a520-4ec9-b0c4-67b4a1b23e89,no match,match,False,no match,no match
assistantbench,claude-3-7-sonnet-20250219,4e615af6f0348597b4133cc1ec5418bb3f35328e3d95e23a275027cee97b5e09,c905db79-570b-4196-97d1-f88010b9a5d5,no match,match,False,no match,no match
assistantbench,claude-3-7-sonnet-20250219,52f7224e9c79431e7926afe317782711a0028750693e7456cde22ef6f4bd8bd5,4ac557a4-3c8c-4829-af52-5cb949d16ad3,no match,match,False,no match,no match
assistantbench,claude-3-7-sonnet-20250219,557e78eceec08ca8b0da5f9fdaca6e1c7ec6140a8ce600983ee716327dab005e,07b85c31-4986-4477-aad8-08fd3cbcd19b,no match,no match,False,no match,match
assistantbench,claude-3-7-sonnet-20250219,55f4258484c5b398956133128a50462a767da211f8f72aa5ac5bbffb9bcbba1a,cc60f6ca-3c3f-4853-8740-e9b374209bb9,no match,match,False,no match,no match
assistantbench,claude-3-7-sonnet-20250219,57d9dc6935e8a40b02e7f8ec81768fe70e68a0c05f6866927c9fda38db38a486,cf603c4d-305c-44a2-aa14-ef6ced3e23b5,match,no match,False,no match,match
assistantbench,claude-3-7-sonnet-20250219,6b06d186921b8b390c65aebd0d16f09f60a47d2f1288ebe36953f734e84c0a3c,93666cfa-df15-4176-adf5-c41d71d966c7,,no match,False,no match,no match
assistantbench,claude-3-7-sonnet-20250219,6e3be83d1949fa52cba03fb1ce4b5b3bf7e37a83fd7d67694b10b2e439d90cf8,26060a41-3230-4448-b9eb-80c0d0937828,match,no match,False,no match,no match
assistantbench,claude-3-7-sonnet-20250219,6f224e7730ed027cbac73aebb1aea7f954053082041b02b19f4ff126a0a8a208,938825f5-a8a2-45eb-afef-7a6f1e4d2779,match,no match,False,match,match
assistantbench,claude-3-7-sonnet-20250219,748899d9d70c09beb3bd48ac8a3658bdcfd2f9114fe6dc4c4b8d2f9541ef4607,8fe644fe-d81a-4f35-a465-f6748b32cdfc,no match,no match,False,no match,no match
assistantbench,claude-3-7-sonnet-20250219,797f7a5b65ca28b7e7156e7db1e9f117bd4a021de0cd512bfdbb0be897d89eab,a034b071-846a-45d8-9267-09abbcced06a,match,no match,False,match,match
assistantbench,claude-3-7-sonnet-20250219,8ad84bd6fe38481ba49e7ad1f6fbd43219a999074e5c6fc940003281f55ec65b,34f0a0f5-51a9-4258-a038-f79b0446307e,,no match,False,no match,no match
assistantbench,claude-3-7-sonnet-20250219,8fa42360185068216f2919935148d4e1ad28ddc18da0abd0f4bb0b6b6f84b127,fbb9f8b4-c691-4362-a3bf-dc44e55672b9,no match,match,False,no match,no match
assistantbench,claude-3-7-sonnet-20250219,929b45f34805280d77c61d1e093e3d4e551d77ddb6ecd73552b12b1af286388d,6347f063-ffda-4e50-9811-4408233ac9b6,match,no match,False,no match,no match
assistantbench,claude-3-7-sonnet-20250219,99da66d8af02491f98b98c56b26c709e773b5a2ad945fb280375951ba600de09,ea113c42-a8cf-43a3-9894-e9435a2cab98,no match,no match,False,no match,no match
assistantbench,claude-3-7-sonnet-20250219,9baaa267c95f9d8b75741ee9169c50563d297cfa592c20deaffd30dbc5984c74,c2758662-f8ab-4cb1-be21-a038d77032de,no match,match,False,no match,no match
assistantbench,claude-3-7-sonnet-20250219,9bdca8677af1e25cb7b0c7992dc62670c3e58e4afcd5ae60bcaa2483556bba00,eb57bf33-aa33-43bb-a867-1cedb8ae9961,match,no match,False,match,match
assistantbench,claude-3-7-sonnet-20250219,9e31099fffa6a3891c94934fd4fc2f3f522d51c1904ff3561f3a10e4bf245821,b91b7e2f-fe02-4a81-a8d2-f8953950df39,no match,match,False,no match,match
assistantbench,claude-3-7-sonnet-20250219,a9074997e698f912b9e751779ea19c1e92fa148404e90e0ae997acea3f9559b0,e0b49c0b-86d3-449d-9657-d9f1032846e5,no match,no match,True,match,match
assistantbench,claude-3-7-sonnet-20250219,b36ef2d8f2643b80e74a44ce3403f674ecb2aed7fd36afeaa289061a59feef92,4b7fb5a2-99e8-4c4d-b680-eb3bb8ce9634,match,no match,False,no match,match
assistantbench,claude-3-7-sonnet-20250219,c7afe00869f98cf363fd83677ac41757ed5e57f03eacc3d1304feb0a92084bd1,982dd9b1-b8c4-4a64-a57d-3f7dbcf4a129,no match,match,False,no match,match
assistantbench,claude-3-7-sonnet-20250219,cca4776df3c73e7f9430a2e624aafad056b14322a0b7ca6c0c22b7e7f3f0890a,df91107b-0a4d-40df-9908-6a926c662253,no match,no match,False,no match,match
assistantbench,claude-3-7-sonnet-20250219,ccec2229ced20a4b0cb4897e3a99120a3017ea030903e01c9bda6b13d40b0b14,1e0727d5-67b8-4657-be7f-90d4303d84e9,match,no match,False,match,no match
assistantbench,claude-3-7-sonnet-20250219,e2dc3a6b10b762e8aba7fa4d4e70f757f6d04dcbc8b56c48fc53fd9928d31d07,32ac659e-1e1a-4e20-8401-04c56ae530bd,no match,no match,False,match,match
assistantbench,claude-3-7-sonnet-20250219,e6bc98089608217e45b6956a46518fe3cce64a799b3ac43c6974c449ae14c408,6f63df63-dcc5-4075-a9a9-2483fa8b8aa0,no match,match,False,no match,no match
assistantbench,claude-3-7-sonnet-20250219,efc0f3a47e9ed2ecdbcc037c2093865fe6e39f4d413a5d1ccdc7357160a4606b,0d90988d-6512-4f02-bd97-136bea6bedbf,no match,no match,False,match,match
assistantbench,claude-3-7-sonnet-20250219,f88066d274e265edd6cd9d61cd80a41accb3a14baf2297652fdd05cdf716d455,2cd25106-6425-45cc-ab69-7965f2ee0ea0,no match,no match,False,match,match
assistantbench,claude-3-7-sonnet-20250219,fb9ba3ab6a13d0adc677f993e90d54914a5cdf211305a1bba6bf16ec4ccb9b7c,20294ca8-4e15-47ab-8f6e-5129443f48ed,no match,no match,False,no match,match
assistantbench,claude-3-7-sonnet-20250219_high,0ec4371851b96837b0a81b3dd3df401415061bb532fbafeb4609f3337c358508,62042fb8-be63-410c-817c-9c1963fac097,no match,no match,False,no match,no match
assistantbench,claude-3-7-sonnet-20250219_high,291b53e665b4dd4365cde995042db4a6f6fecef3fe3a6f4482f23d61bd673918,5bb09b52-b3a4-4bf5-9094-864616fa56f8,no match,no match,False,match,no match
assistantbench,claude-3-7-sonnet-20250219_high,2aa5dd83fbcd0dce9a3dd4592106e5b5edf738008d932e357d477bba80e59ccf,10fc5f9c-bf26-42f8-aec2-bce1c432510e,no match,match,True,no match,no match
assistantbench,claude-3-7-sonnet-20250219_high,2ddae3b7a208e3c25f14d82d7a1faaaa1832fbf950b4dac345e755c4c361f294,13467a14-fede-4462-becd-b6bd2ac8d7d6,no match,match,False,no match,no match
assistantbench,claude-3-7-sonnet-20250219_high,3af8028c2a59e28ca88baff0e6d91f2a9f170c5ef91003f1c8406755a2760ad4,2bc0f562-c466-46da-b1a9-49a5159a9695,no match,match,False,no match,match
assistantbench,claude-3-7-sonnet-20250219_high,4dbedc5e1a0205e14b7ff3ba89bce3060dab15d0ada3b7e1351a6f2aa8287aec,a9f90804-4912-49c3-8ca1-878b02c097bb,no match,match,True,no match,no match
assistantbench,claude-3-7-sonnet-20250219_high,4e615af6f0348597b4133cc1ec5418bb3f35328e3d95e23a275027cee97b5e09,656296f7-5c4c-4ae3-8d42-6b3d7be67688,no match,,True,no match,match
assistantbench,claude-3-7-sonnet-20250219_high,52f7224e9c79431e7926afe317782711a0028750693e7456cde22ef6f4bd8bd5,c47f45ce-74d5-469b-99ef-3d55a9847525,no match,match,False,no match,no match
assistantbench,claude-3-7-sonnet-20250219_high,557e78eceec08ca8b0da5f9fdaca6e1c7ec6140a8ce600983ee716327dab005e,b0cef4d6-f056-4854-8305-2abae938faed,no match,no match,True,match,match
assistantbench,claude-3-7-sonnet-20250219_high,55f4258484c5b398956133128a50462a767da211f8f72aa5ac5bbffb9bcbba1a,4360ec57-c469-4c48-a3af-74a8e25ee5a4,no match,match,False,no match,no match
assistantbench,claude-3-7-sonnet-20250219_high,57d9dc6935e8a40b02e7f8ec81768fe70e68a0c05f6866927c9fda38db38a486,1c842119-e474-4966-b92c-a195ce473add,no match,no match,False,match,no match
assistantbench,claude-3-7-sonnet-20250219_high,6b06d186921b8b390c65aebd0d16f09f60a47d2f1288ebe36953f734e84c0a3c,29e074ec-a718-4c36-94d2-5f99d82984ed,,no match,False,no match,match
assistantbench,claude-3-7-sonnet-20250219_high,6e3be83d1949fa52cba03fb1ce4b5b3bf7e37a83fd7d67694b10b2e439d90cf8,77e89830-3a98-416d-a907-b92aacc622ba,no match,no match,True,no match,match
assistantbench,claude-3-7-sonnet-20250219_high,6f224e7730ed027cbac73aebb1aea7f954053082041b02b19f4ff126a0a8a208,864d63d8-02e9-4848-9984-450e81a33621,no match,no match,True,match,match
assistantbench,claude-3-7-sonnet-20250219_high,748899d9d70c09beb3bd48ac8a3658bdcfd2f9114fe6dc4c4b8d2f9541ef4607,abf662ab-858c-4b17-832b-368617ad8fbb,match,no match,False,no match,no match
assistantbench,claude-3-7-sonnet-20250219_high,797f7a5b65ca28b7e7156e7db1e9f117bd4a021de0cd512bfdbb0be897d89eab,616cfb67-d46f-49b6-803e-b4da4d04104b,match,no match,True,no match,match
assistantbench,claude-3-7-sonnet-20250219_high,8ad84bd6fe38481ba49e7ad1f6fbd43219a999074e5c6fc940003281f55ec65b,97c2f503-e7c7-425f-9778-75adbebbdc70,no match,no match,False,match,match
assistantbench,claude-3-7-sonnet-20250219_high,8fa42360185068216f2919935148d4e1ad28ddc18da0abd0f4bb0b6b6f84b127,3c25a20e-7097-454d-9beb-cc8f68105649,no match,match,False,no match,match
assistantbench,claude-3-7-sonnet-20250219_high,929b45f34805280d77c61d1e093e3d4e551d77ddb6ecd73552b12b1af286388d,ec15e3f7-be4e-4273-9c04-86a3403020a6,no match,no match,True,match,match
assistantbench,claude-3-7-sonnet-20250219_high,99da66d8af02491f98b98c56b26c709e773b5a2ad945fb280375951ba600de09,bd28b044-82ed-4bd0-a10c-5a87cea41bf8,match,no match,False,no match,no match
assistantbench,claude-3-7-sonnet-20250219_high,9baaa267c95f9d8b75741ee9169c50563d297cfa592c20deaffd30dbc5984c74,dc637e16-db03-4665-aaa4-d93302d3b78a,no match,match,False,no match,no match
assistantbench,claude-3-7-sonnet-20250219_high,9bdca8677af1e25cb7b0c7992dc62670c3e58e4afcd5ae60bcaa2483556bba00,da916371-ba7c-4604-b2ca-413a570036d8,match,no match,False,match,match
assistantbench,claude-3-7-sonnet-20250219_high,9e31099fffa6a3891c94934fd4fc2f3f522d51c1904ff3561f3a10e4bf245821,dd5bbd05-5f13-49a0-a720-805b9376fcb6,no match,no match,False,no match,match
assistantbench,claude-3-7-sonnet-20250219_high,a9074997e698f912b9e751779ea19c1e92fa148404e90e0ae997acea3f9559b0,2fe6882b-d9fa-4451-8fd7-b9e2b0a3ae61,match,no match,False,match,match
assistantbench,claude-3-7-sonnet-20250219_high,b36ef2d8f2643b80e74a44ce3403f674ecb2aed7fd36afeaa289061a59feef92,96c42e0d-0f92-4589-b1f2-1a72f63f82c3,no match,no match,True,match,match
assistantbench,claude-3-7-sonnet-20250219_high,c7afe00869f98cf363fd83677ac41757ed5e57f03eacc3d1304feb0a92084bd1,2c27dc1d-5b65-4e23-a17a-dcd686f46c0b,no match,match,False,no match,no match
assistantbench,claude-3-7-sonnet-20250219_high,cca4776df3c73e7f9430a2e624aafad056b14322a0b7ca6c0c22b7e7f3f0890a,ab4a376f-102c-4db1-97c5-60c6418a7885,no match,no match,True,no match,no match
assistantbench,claude-3-7-sonnet-20250219_high,ccec2229ced20a4b0cb4897e3a99120a3017ea030903e01c9bda6b13d40b0b14,e4343011-09d1-475c-a549-a971dfe986fb,no match,no match,True,match,match
assistantbench,claude-3-7-sonnet-20250219_high,e2dc3a6b10b762e8aba7fa4d4e70f757f6d04dcbc8b56c48fc53fd9928d31d07,11d67de9-c45f-4434-8df4-0b82cebf1b4e,no match,match,False,no match,no match
assistantbench,claude-3-7-sonnet-20250219_high,e6bc98089608217e45b6956a46518fe3cce64a799b3ac43c6974c449ae14c408,9d353ec3-09d3-4cb0-90db-7fbd3a0edbf8,match,match,False,no match,match
assistantbench,claude-3-7-sonnet-20250219_high,efc0f3a47e9ed2ecdbcc037c2093865fe6e39f4d413a5d1ccdc7357160a4606b,e1611d4d-331d-49da-87a8-b6e2886800c9,no match,match,False,no match,match
assistantbench,claude-3-7-sonnet-20250219_high,f88066d274e265edd6cd9d61cd80a41accb3a14baf2297652fdd05cdf716d455,26a2c65c-3197-4637-b923-bdbd5df471da,match,no match,False,match,match
assistantbench,claude-3-7-sonnet-20250219_high,fb9ba3ab6a13d0adc677f993e90d54914a5cdf211305a1bba6bf16ec4ccb9b7c,075b37d8-f0ea-4be5-8005-2e3f859ba538,no match,no match,False,no match,no match
assistantbench,deepseek-ai/DeepSeek-R1,0ec4371851b96837b0a81b3dd3df401415061bb532fbafeb4609f3337c358508,16a0210a-b85d-472e-b8db-7b9ca8de243a,no match,match,False,no match,no match
assistantbench,deepseek-ai/DeepSeek-R1,291b53e665b4dd4365cde995042db4a6f6fecef3fe3a6f4482f23d61bd673918,f3f68afc-1eb6-45ed-9ee8-201b556b9bb0,no match,no match,False,no match,no match
assistantbench,deepseek-ai/DeepSeek-R1,2aa5dd83fbcd0dce9a3dd4592106e5b5edf738008d932e357d477bba80e59ccf,2a76038b-75ec-479f-b9dc-78bee374d651,no match,no match,True,no match,no match
assistantbench,deepseek-ai/DeepSeek-R1,2ddae3b7a208e3c25f14d82d7a1faaaa1832fbf950b4dac345e755c4c361f294,34436b83-4b0b-4e2a-90a0-5c392d4e1936,no match,match,False,no match,no match
assistantbench,deepseek-ai/DeepSeek-R1,3af8028c2a59e28ca88baff0e6d91f2a9f170c5ef91003f1c8406755a2760ad4,a690ec3f-c414-4a93-8dd4-c031902f790d,no match,no match,False,no match,no match
assistantbench,deepseek-ai/DeepSeek-R1,4dbedc5e1a0205e14b7ff3ba89bce3060dab15d0ada3b7e1351a6f2aa8287aec,241f4f61-638c-469f-af73-503d40b9352f,no match,match,False,no match,no match
assistantbench,deepseek-ai/DeepSeek-R1,4e615af6f0348597b4133cc1ec5418bb3f35328e3d95e23a275027cee97b5e09,519b4e9c-27f4-4572-a119-350e205be015,no match,no match,False,no match,no match
assistantbench,deepseek-ai/DeepSeek-R1,52f7224e9c79431e7926afe317782711a0028750693e7456cde22ef6f4bd8bd5,8c6c2f7d-f0ee-4a23-8d21-3b762fbca57d,no match,match,False,no match,no match
assistantbench,deepseek-ai/DeepSeek-R1,557e78eceec08ca8b0da5f9fdaca6e1c7ec6140a8ce600983ee716327dab005e,061f182d-3f42-471c-a785-f960658a88c0,no match,match,True,no match,no match
assistantbench,deepseek-ai/DeepSeek-R1,55f4258484c5b398956133128a50462a767da211f8f72aa5ac5bbffb9bcbba1a,0f50ec18-2d9e-42a4-9e41-8613259359d9,no match,match,False,no match,no match
assistantbench,deepseek-ai/DeepSeek-R1,57d9dc6935e8a40b02e7f8ec81768fe70e68a0c05f6866927c9fda38db38a486,cd57ca6d-7c0c-4cca-9a3b-6daaa2a2c86b,no match,match,False,no match,no match
assistantbench,deepseek-ai/DeepSeek-R1,6b06d186921b8b390c65aebd0d16f09f60a47d2f1288ebe36953f734e84c0a3c,cb813c03-8128-4613-b9a3-a46a7f00b932,no match,match,True,no match,no match
assistantbench,deepseek-ai/DeepSeek-R1,6e3be83d1949fa52cba03fb1ce4b5b3bf7e37a83fd7d67694b10b2e439d90cf8,d3819490-2288-4fb9-9d9b-944efd5e6f90,no match,match,False,no match,no match
assistantbench,deepseek-ai/DeepSeek-R1,6f224e7730ed027cbac73aebb1aea7f954053082041b02b19f4ff126a0a8a208,ec10ce02-89b8-45ad-bdff-f1ba5d5c85ae,no match,no match,True,no match,no match
assistantbench,deepseek-ai/DeepSeek-R1,748899d9d70c09beb3bd48ac8a3658bdcfd2f9114fe6dc4c4b8d2f9541ef4607,4592335b-0559-4942-b4d6-0b6de163346e,no match,match,False,no match,no match
assistantbench,deepseek-ai/DeepSeek-R1,797f7a5b65ca28b7e7156e7db1e9f117bd4a021de0cd512bfdbb0be897d89eab,48bcdb5a-54ac-4da7-b673-ccf29a2c5373,no match,match,True,no match,no match
assistantbench,deepseek-ai/DeepSeek-R1,8ad84bd6fe38481ba49e7ad1f6fbd43219a999074e5c6fc940003281f55ec65b,0db9163e-e85d-4ba7-81e7-bf7c752bd8fe,no match,match,False,no match,no match
assistantbench,deepseek-ai/DeepSeek-R1,8fa42360185068216f2919935148d4e1ad28ddc18da0abd0f4bb0b6b6f84b127,89b9ca62-9542-4899-8b29-0ab18ebab85f,no match,match,False,no match,no match
assistantbench,deepseek-ai/DeepSeek-R1,929b45f34805280d77c61d1e093e3d4e551d77ddb6ecd73552b12b1af286388d,516a4de4-b940-4235-90db-ef85b6611434,no match,no match,True,no match,no match
assistantbench,deepseek-ai/DeepSeek-R1,99da66d8af02491f98b98c56b26c709e773b5a2ad945fb280375951ba600de09,f4ce8b9e-db35-43ab-8cda-7ce30fb3fd67,no match,no match,False,no match,no match
assistantbench,deepseek-ai/DeepSeek-R1,9baaa267c95f9d8b75741ee9169c50563d297cfa592c20deaffd30dbc5984c74,9a2b038c-6865-4af5-93af-f86ebf4929f0,no match,match,False,no match,no match
assistantbench,deepseek-ai/DeepSeek-R1,9bdca8677af1e25cb7b0c7992dc62670c3e58e4afcd5ae60bcaa2483556bba00,f53e3bf7-18c0-4005-8d51-12001a9183e6,no match,match,False,no match,no match
assistantbench,deepseek-ai/DeepSeek-R1,9e31099fffa6a3891c94934fd4fc2f3f522d51c1904ff3561f3a10e4bf245821,678205f0-868a-42e8-b6f6-a5afbf960f55,no match,no match,True,no match,no match
assistantbench,deepseek-ai/DeepSeek-R1,a9074997e698f912b9e751779ea19c1e92fa148404e90e0ae997acea3f9559b0,3b271046-210f-469b-88a2-9f7defce4dff,no match,match,False,no match,no match
assistantbench,deepseek-ai/DeepSeek-R1,b36ef2d8f2643b80e74a44ce3403f674ecb2aed7fd36afeaa289061a59feef92,a2d86296-cc10-466d-a81f-fb5efdd22684,no match,match,False,no match,no match
assistantbench,deepseek-ai/DeepSeek-R1,c7afe00869f98cf363fd83677ac41757ed5e57f03eacc3d1304feb0a92084bd1,171e76e4-f701-4b72-aa82-3a2a0c227075,no match,no match,False,no match,no match
assistantbench,deepseek-ai/DeepSeek-R1,cca4776df3c73e7f9430a2e624aafad056b14322a0b7ca6c0c22b7e7f3f0890a,cffc2c6e-5441-41f0-8600-ea3892e28862,no match,match,False,no match,no match
assistantbench,deepseek-ai/DeepSeek-R1,ccec2229ced20a4b0cb4897e3a99120a3017ea030903e01c9bda6b13d40b0b14,ef319944-9698-42fb-ae5f-7b927b420a2e,no match,match,True,no match,no match
assistantbench,deepseek-ai/DeepSeek-R1,e2dc3a6b10b762e8aba7fa4d4e70f757f6d04dcbc8b56c48fc53fd9928d31d07,53a29182-0731-4721-9f93-3dd15ca38855,no match,no match,True,no match,no match
assistantbench,deepseek-ai/DeepSeek-R1,e6bc98089608217e45b6956a46518fe3cce64a799b3ac43c6974c449ae14c408,dac09c71-cb7d-478f-944a-021449b706e3,no match,match,False,no match,no match
assistantbench,deepseek-ai/DeepSeek-R1,efc0f3a47e9ed2ecdbcc037c2093865fe6e39f4d413a5d1ccdc7357160a4606b,a22400f7-9efd-45a5-9baf-d1c900aabd59,no match,match,True,no match,no match
assistantbench,deepseek-ai/DeepSeek-R1,f88066d274e265edd6cd9d61cd80a41accb3a14baf2297652fdd05cdf716d455,4f29582c-566a-41ed-bf58-1da9ffd76f39,no match,match,False,no match,no match
assistantbench,deepseek-ai/DeepSeek-R1,fb9ba3ab6a13d0adc677f993e90d54914a5cdf211305a1bba6bf16ec4ccb9b7c,9ff8c65e-89cc-4ccf-8142-d8c4c79b883a,no match,no match,True,no match,no match
assistantbench,deepseek-ai/DeepSeek-V3,0ec4371851b96837b0a81b3dd3df401415061bb532fbafeb4609f3337c358508,031f41a3-be8e-4938-aa98-6476ad5b5419,no match,no match,False,match,no match
assistantbench,deepseek-ai/DeepSeek-V3,291b53e665b4dd4365cde995042db4a6f6fecef3fe3a6f4482f23d61bd673918,9a83beaf-5a8b-4dcf-b520-9d27a9e54e40,match,no match,False,match,no match
assistantbench,deepseek-ai/DeepSeek-V3,2aa5dd83fbcd0dce9a3dd4592106e5b5edf738008d932e357d477bba80e59ccf,8db39aa9-699a-40c6-89d4-bb17daecdd71,no match,match,True,no match,no match
assistantbench,deepseek-ai/DeepSeek-V3,2ddae3b7a208e3c25f14d82d7a1faaaa1832fbf950b4dac345e755c4c361f294,32d427f4-dfa6-4d88-8b0a-2b57dd83d21a,match,match,False,no match,match
assistantbench,deepseek-ai/DeepSeek-V3,3af8028c2a59e28ca88baff0e6d91f2a9f170c5ef91003f1c8406755a2760ad4,64bc9a89-e02d-42ce-afd7-6c63862f5148,match,no match,True,no match,match
assistantbench,deepseek-ai/DeepSeek-V3,4dbedc5e1a0205e14b7ff3ba89bce3060dab15d0ada3b7e1351a6f2aa8287aec,3af4ec7b-725f-4c92-a217-c4f3b95397d0,no match,no match,False,no match,no match
assistantbench,deepseek-ai/DeepSeek-V3,4e615af6f0348597b4133cc1ec5418bb3f35328e3d95e23a275027cee97b5e09,81f6ca7e-ed0d-4b4f-bf3e-326509bef585,no match,no match,False,no match,no match
assistantbench,deepseek-ai/DeepSeek-V3,52f7224e9c79431e7926afe317782711a0028750693e7456cde22ef6f4bd8bd5,b69b1dd6-8651-4329-90cc-003c25eee71d,no match,match,False,no match,no match
assistantbench,deepseek-ai/DeepSeek-V3,557e78eceec08ca8b0da5f9fdaca6e1c7ec6140a8ce600983ee716327dab005e,0ad48ee9-6840-4e88-a18a-6ed56865c7f4,no match,no match,False,match,match
assistantbench,deepseek-ai/DeepSeek-V3,55f4258484c5b398956133128a50462a767da211f8f72aa5ac5bbffb9bcbba1a,ea4259b9-3c2c-4eda-bb84-789548fbcfd9,no match,match,False,no match,match
assistantbench,deepseek-ai/DeepSeek-V3,57d9dc6935e8a40b02e7f8ec81768fe70e68a0c05f6866927c9fda38db38a486,094c483a-cc66-4e58-a5f1-5eab31a869c8,match,no match,False,match,no match
assistantbench,deepseek-ai/DeepSeek-V3,6b06d186921b8b390c65aebd0d16f09f60a47d2f1288ebe36953f734e84c0a3c,ce7b5136-1c32-40ce-bac8-2f30f5a5cdf1,no match,no match,False,no match,no match
assistantbench,deepseek-ai/DeepSeek-V3,6e3be83d1949fa52cba03fb1ce4b5b3bf7e37a83fd7d67694b10b2e439d90cf8,1f87036d-6d51-4908-a320-a39dc6959bc6,no match,no match,False,match,no match
assistantbench,deepseek-ai/DeepSeek-V3,6f224e7730ed027cbac73aebb1aea7f954053082041b02b19f4ff126a0a8a208,094a0ea9-ef61-4495-8d22-f324295e7de7,no match,match,False,no match,no match
assistantbench,deepseek-ai/DeepSeek-V3,748899d9d70c09beb3bd48ac8a3658bdcfd2f9114fe6dc4c4b8d2f9541ef4607,47b31f83-e17b-44d8-8988-d5d75980713a,match,no match,False,no match,no match
assistantbench,deepseek-ai/DeepSeek-V3,797f7a5b65ca28b7e7156e7db1e9f117bd4a021de0cd512bfdbb0be897d89eab,df0a64f1-12c3-49f1-9afb-71fddc95f6cc,no match,no match,False,match,match
assistantbench,deepseek-ai/DeepSeek-V3,8ad84bd6fe38481ba49e7ad1f6fbd43219a999074e5c6fc940003281f55ec65b,89c58d31-5d37-4c8d-9386-5d55f89aecd3,no match,match,False,no match,no match
assistantbench,deepseek-ai/DeepSeek-V3,8fa42360185068216f2919935148d4e1ad28ddc18da0abd0f4bb0b6b6f84b127,801e279e-0eac-4191-84ca-0123eda23fd2,no match,no match,False,match,no match
assistantbench,deepseek-ai/DeepSeek-V3,929b45f34805280d77c61d1e093e3d4e551d77ddb6ecd73552b12b1af286388d,64e883fa-aeb9-4756-92a9-84b8cad3f980,no match,no match,False,no match,no match
assistantbench,deepseek-ai/DeepSeek-V3,99da66d8af02491f98b98c56b26c709e773b5a2ad945fb280375951ba600de09,1a9cfe4c-b314-404f-b431-a1948b74c66b,no match,match,False,no match,no match
assistantbench,deepseek-ai/DeepSeek-V3,9baaa267c95f9d8b75741ee9169c50563d297cfa592c20deaffd30dbc5984c74,1fae3efd-9f65-4bf0-82be-c22181c87593,no match,match,False,no match,no match
assistantbench,deepseek-ai/DeepSeek-V3,9bdca8677af1e25cb7b0c7992dc62670c3e58e4afcd5ae60bcaa2483556bba00,a532c7a8-2dd1-412a-a86a-a88f635c087a,no match,no match,True,no match,match
assistantbench,deepseek-ai/DeepSeek-V3,9e31099fffa6a3891c94934fd4fc2f3f522d51c1904ff3561f3a10e4bf245821,c3c59d06-2a3d-4439-9198-0b2d01aa9838,match,match,False,no match,match
assistantbench,deepseek-ai/DeepSeek-V3,a9074997e698f912b9e751779ea19c1e92fa148404e90e0ae997acea3f9559b0,551bf693-b21f-4ab6-b707-49813b22d31f,no match,no match,False,no match,no match
assistantbench,deepseek-ai/DeepSeek-V3,b36ef2d8f2643b80e74a44ce3403f674ecb2aed7fd36afeaa289061a59feef92,7488fd98-26d3-4765-a0a3-0d4f1c7e4dc8,no match,match,False,no match,no match
assistantbench,deepseek-ai/DeepSeek-V3,c7afe00869f98cf363fd83677ac41757ed5e57f03eacc3d1304feb0a92084bd1,b6bd8d39-8f3f-4b4e-8146-c71a42c84adf,no match,match,False,no match,no match
assistantbench,deepseek-ai/DeepSeek-V3,cca4776df3c73e7f9430a2e624aafad056b14322a0b7ca6c0c22b7e7f3f0890a,034465bb-d9ba-41d8-ad41-139a3e55b11b,match,no match,False,match,no match
assistantbench,deepseek-ai/DeepSeek-V3,ccec2229ced20a4b0cb4897e3a99120a3017ea030903e01c9bda6b13d40b0b14,00f26c75-8922-4c28-a7cd-1342433a45df,no match,no match,False,no match,match
assistantbench,deepseek-ai/DeepSeek-V3,e2dc3a6b10b762e8aba7fa4d4e70f757f6d04dcbc8b56c48fc53fd9928d31d07,11168f31-9382-460a-a72f-dc69f69508d6,no match,match,False,no match,no match
assistantbench,deepseek-ai/DeepSeek-V3,e6bc98089608217e45b6956a46518fe3cce64a799b3ac43c6974c449ae14c408,2f36fdf7-b7b7-4344-a13e-34a5af9771c3,match,no match,False,match,no match
assistantbench,deepseek-ai/DeepSeek-V3,efc0f3a47e9ed2ecdbcc037c2093865fe6e39f4d413a5d1ccdc7357160a4606b,b7de2235-bf4d-42e1-87c1-1b5e5a32e13f,no match,no match,True,no match,no match
assistantbench,deepseek-ai/DeepSeek-V3,f88066d274e265edd6cd9d61cd80a41accb3a14baf2297652fdd05cdf716d455,c1e05179-127f-417a-a444-3940aa4b48fa,match,no match,False,match,match
assistantbench,deepseek-ai/DeepSeek-V3,fb9ba3ab6a13d0adc677f993e90d54914a5cdf211305a1bba6bf16ec4ccb9b7c,b0135634-56aa-4134-9c2e-c657fae48363,no match,no match,False,match,no match
assistantbench,google/gemini-2.0-flash-001,0ec4371851b96837b0a81b3dd3df401415061bb532fbafeb4609f3337c358508,e54adc52-22b6-49cf-a777-70f2afe4d0ce,no match,no match,True,no match,no match
assistantbench,google/gemini-2.0-flash-001,291b53e665b4dd4365cde995042db4a6f6fecef3fe3a6f4482f23d61bd673918,3f6371ac-7921-4e8a-a7a2-55d9b5a24f74,no match,no match,False,no match,no match
assistantbench,google/gemini-2.0-flash-001,2aa5dd83fbcd0dce9a3dd4592106e5b5edf738008d932e357d477bba80e59ccf,43bb6ea5-af24-4bf0-a408-8da3775bfd3b,match,no match,False,no match,match
assistantbench,google/gemini-2.0-flash-001,2ddae3b7a208e3c25f14d82d7a1faaaa1832fbf950b4dac345e755c4c361f294,7121fa6a-a9bf-469d-bd75-47c5e7bd8ecf,no match,,True,no match,no match
assistantbench,google/gemini-2.0-flash-001,3af8028c2a59e28ca88baff0e6d91f2a9f170c5ef91003f1c8406755a2760ad4,c036e143-87ac-4f87-b1e6-6e6f29be0734,match,no match,False,no match,match
assistantbench,google/gemini-2.0-flash-001,4dbedc5e1a0205e14b7ff3ba89bce3060dab15d0ada3b7e1351a6f2aa8287aec,976429f3-94dc-4902-92f6-d541bde92845,no match,match,False,no match,no match
assistantbench,google/gemini-2.0-flash-001,4e615af6f0348597b4133cc1ec5418bb3f35328e3d95e23a275027cee97b5e09,c2ed9c30-a669-4104-a116-bd16d3359996,no match,no match,,no match,no match
assistantbench,google/gemini-2.0-flash-001,52f7224e9c79431e7926afe317782711a0028750693e7456cde22ef6f4bd8bd5,70c78127-eecd-4cd0-979d-10f24ca70307,no match,no match,False,no match,match
assistantbench,google/gemini-2.0-flash-001,557e78eceec08ca8b0da5f9fdaca6e1c7ec6140a8ce600983ee716327dab005e,4579d830-9eef-4bca-95aa-43dc5a34a0e5,no match,no match,False,no match,no match
assistantbench,google/gemini-2.0-flash-001,55f4258484c5b398956133128a50462a767da211f8f72aa5ac5bbffb9bcbba1a,04d70a11-a9a3-4ef2-9985-0a2dd94388a6,no match,match,False,no match,no match
assistantbench,google/gemini-2.0-flash-001,57d9dc6935e8a40b02e7f8ec81768fe70e68a0c05f6866927c9fda38db38a486,28f32121-d75b-4f87-8f86-32d1c4a2b929,no match,no match,False,no match,no match
assistantbench,google/gemini-2.0-flash-001,6b06d186921b8b390c65aebd0d16f09f60a47d2f1288ebe36953f734e84c0a3c,f3acb936-028e-4527-8ceb-a1855176161d,no match,no match,True,no match,no match
assistantbench,google/gemini-2.0-flash-001,6e3be83d1949fa52cba03fb1ce4b5b3bf7e37a83fd7d67694b10b2e439d90cf8,eb25162a-679d-4af0-95f1-cf99031ef627,no match,no match,False,no match,no match
assistantbench,google/gemini-2.0-flash-001,6f224e7730ed027cbac73aebb1aea7f954053082041b02b19f4ff126a0a8a208,85586ba5-b728-45d1-8e2e-039283248a02,match,no match,False,no match,no match
assistantbench,google/gemini-2.0-flash-001,748899d9d70c09beb3bd48ac8a3658bdcfd2f9114fe6dc4c4b8d2f9541ef4607,980ee69b-31d3-44d1-aed3-e9a6ab263710,no match,match,True,no match,no match
assistantbench,google/gemini-2.0-flash-001,797f7a5b65ca28b7e7156e7db1e9f117bd4a021de0cd512bfdbb0be897d89eab,acf39bd1-60d8-41c5-acc4-61eef6c7b3f7,no match,no match,True,no match,no match
assistantbench,google/gemini-2.0-flash-001,8ad84bd6fe38481ba49e7ad1f6fbd43219a999074e5c6fc940003281f55ec65b,d024696a-2fb5-43bc-8940-50514c39c93f,no match,no match,,no match,no match
assistantbench,google/gemini-2.0-flash-001,8fa42360185068216f2919935148d4e1ad28ddc18da0abd0f4bb0b6b6f84b127,2dece6f7-4a74-4e75-b292-4134356635a8,no match,no match,False,no match,no match
assistantbench,google/gemini-2.0-flash-001,929b45f34805280d77c61d1e093e3d4e551d77ddb6ecd73552b12b1af286388d,912b6071-86cf-4533-a211-05910bb8014c,no match,no match,,no match,no match
assistantbench,google/gemini-2.0-flash-001,99da66d8af02491f98b98c56b26c709e773b5a2ad945fb280375951ba600de09,b98ddc82-97a6-4393-bb74-b694d5931598,no match,no match,False,no match,no match
assistantbench,google/gemini-2.0-flash-001,9baaa267c95f9d8b75741ee9169c50563d297cfa592c20deaffd30dbc5984c74,cafcec55-eaa2-4132-b13c-c1bf95e56e3f,no match,,True,no match,no match
assistantbench,google/gemini-2.0-flash-001,9bdca8677af1e25cb7b0c7992dc62670c3e58e4afcd5ae60bcaa2483556bba00,0022c81d-7510-4dbe-aabf-1119fdc24844,match,no match,False,no match,no match
assistantbench,google/gemini-2.0-flash-001,9e31099fffa6a3891c94934fd4fc2f3f522d51c1904ff3561f3a10e4bf245821,0c5690c4-81f7-437b-ae77-d9229105c18d,match,no match,,no match,no match
assistantbench,google/gemini-2.0-flash-001,a9074997e698f912b9e751779ea19c1e92fa148404e90e0ae997acea3f9559b0,ae98fc7f-2d44-45dd-9cc3-44a2d833284b,no match,no match,False,no match,no match
assistantbench,google/gemini-2.0-flash-001,b36ef2d8f2643b80e74a44ce3403f674ecb2aed7fd36afeaa289061a59feef92,b7494d22-105a-4b2d-b229-f5ebae8aeb7c,,no match,False,no match,no match
assistantbench,google/gemini-2.0-flash-001,c7afe00869f98cf363fd83677ac41757ed5e57f03eacc3d1304feb0a92084bd1,11c24d8a-bb91-4b52-9a72-0be29ae2411c,no match,no match,False,no match,no match
assistantbench,google/gemini-2.0-flash-001,cca4776df3c73e7f9430a2e624aafad056b14322a0b7ca6c0c22b7e7f3f0890a,cd533463-e0f8-4213-90ac-fadbdce27f1d,no match,no match,False,match,match
assistantbench,google/gemini-2.0-flash-001,ccec2229ced20a4b0cb4897e3a99120a3017ea030903e01c9bda6b13d40b0b14,55e6b8d6-4f48-4bdd-9847-b0d73a7c38dd,match,no match,False,match,no match
assistantbench,google/gemini-2.0-flash-001,e2dc3a6b10b762e8aba7fa4d4e70f757f6d04dcbc8b56c48fc53fd9928d31d07,50547f6f-4903-4433-9b07-8645b23ae0e4,no match,no match,False,match,no match
assistantbench,google/gemini-2.0-flash-001,e6bc98089608217e45b6956a46518fe3cce64a799b3ac43c6974c449ae14c408,fb010129-5473-48bc-a03a-7b6047eb88b8,no match,no match,False,no match,no match
assistantbench,google/gemini-2.0-flash-001,efc0f3a47e9ed2ecdbcc037c2093865fe6e39f4d413a5d1ccdc7357160a4606b,d57918f5-33ad-462e-a51e-0c432aa7dfee,no match,no match,False,no match,no match
assistantbench,google/gemini-2.0-flash-001,f88066d274e265edd6cd9d61cd80a41accb3a14baf2297652fdd05cdf716d455,78e39d53-38d5-4b84-9413-def6ca0bca7c,no match,no match,True,no match,no match
assistantbench,google/gemini-2.0-flash-001,fb9ba3ab6a13d0adc677f993e90d54914a5cdf211305a1bba6bf16ec4ccb9b7c,3a71c48c-0b8f-477f-b7b9-14fcfe00dd11,no match,no match,False,match,match
assistantbench,gpt-4.1,0ec4371851b96837b0a81b3dd3df401415061bb532fbafeb4609f3337c358508,bcd0f84d-9ba7-43de-8453-eb644e6b4032,no match,no match,False,match,match
assistantbench,gpt-4.1,291b53e665b4dd4365cde995042db4a6f6fecef3fe3a6f4482f23d61bd673918,3fe4e663-183f-407a-b8c9-b7c1d992b490,no match,no match,False,no match,no match
assistantbench,gpt-4.1,2aa5dd83fbcd0dce9a3dd4592106e5b5edf738008d932e357d477bba80e59ccf,4df8a271-dddc-4f5e-9e3c-174a0055da10,no match,match,False,no match,no match
assistantbench,gpt-4.1,2ddae3b7a208e3c25f14d82d7a1faaaa1832fbf950b4dac345e755c4c361f294,55e428c4-277c-41eb-9ecf-0bf52dd145ca,no match,match,False,no match,no match
assistantbench,gpt-4.1,3af8028c2a59e28ca88baff0e6d91f2a9f170c5ef91003f1c8406755a2760ad4,e2f4b9a8-98cc-4d3b-9f90-c8d40c49dc11,match,no match,False,match,match
assistantbench,gpt-4.1,4dbedc5e1a0205e14b7ff3ba89bce3060dab15d0ada3b7e1351a6f2aa8287aec,2512e2a0-d8e8-4082-9e02-1f8147520d57,no match,no match,False,match,no match
assistantbench,gpt-4.1,4e615af6f0348597b4133cc1ec5418bb3f35328e3d95e23a275027cee97b5e09,2372f401-7332-4490-b231-f0ed3acad998,no match,no match,False,no match,no match
assistantbench,gpt-4.1,52f7224e9c79431e7926afe317782711a0028750693e7456cde22ef6f4bd8bd5,1b72c7dc-6d93-4b3d-af99-d147b90a2ef5,no match,no match,False,match,match
assistantbench,gpt-4.1,557e78eceec08ca8b0da5f9fdaca6e1c7ec6140a8ce600983ee716327dab005e,eb3a6ecf-b22c-4abe-9abe-a63ea833590c,no match,no match,False,match,match
assistantbench,gpt-4.1,55f4258484c5b398956133128a50462a767da211f8f72aa5ac5bbffb9bcbba1a,ab05c2e5-8fe0-43ff-9092-65b666cc2c4c,no match,match,False,no match,match
assistantbench,gpt-4.1,57d9dc6935e8a40b02e7f8ec81768fe70e68a0c05f6866927c9fda38db38a486,03cb173c-b1a9-44b0-ade4-7089df85587d,,no match,False,no match,no match
assistantbench,gpt-4.1,6b06d186921b8b390c65aebd0d16f09f60a47d2f1288ebe36953f734e84c0a3c,a7a07200-100a-4e3f-9734-435336d83f45,no match,no match,False,no match,no match
assistantbench,gpt-4.1,6e3be83d1949fa52cba03fb1ce4b5b3bf7e37a83fd7d67694b10b2e439d90cf8,939599e8-58f0-4f69-83a4-e351931c2f63,no match,no match,False,match,no match
assistantbench,gpt-4.1,6f224e7730ed027cbac73aebb1aea7f954053082041b02b19f4ff126a0a8a208,e9afa5d8-172d-4997-97c2-5b880e240184,no match,no match,False,no match,no match
assistantbench,gpt-4.1,748899d9d70c09beb3bd48ac8a3658bdcfd2f9114fe6dc4c4b8d2f9541ef4607,dfad3cc9-3df6-4939-b79b-1ab9a130e451,match,no match,False,no match,no match
assistantbench,gpt-4.1,797f7a5b65ca28b7e7156e7db1e9f117bd4a021de0cd512bfdbb0be897d89eab,0283dcbf-b7ee-4ff5-b3aa-182a053e8759,match,,,match,match
assistantbench,gpt-4.1,8ad84bd6fe38481ba49e7ad1f6fbd43219a999074e5c6fc940003281f55ec65b,36d19160-91d3-4a1d-bf71-f2787881147a,no match,no match,False,match,no match
assistantbench,gpt-4.1,8fa42360185068216f2919935148d4e1ad28ddc18da0abd0f4bb0b6b6f84b127,cbfe98ac-ff1f-4ca2-8175-124e8389cc9a,no match,no match,False,no match,no match
assistantbench,gpt-4.1,929b45f34805280d77c61d1e093e3d4e551d77ddb6ecd73552b12b1af286388d,b88f6d0f-e5de-46e6-ae63-4477d356812b,no match,no match,False,no match,no match
assistantbench,gpt-4.1,99da66d8af02491f98b98c56b26c709e773b5a2ad945fb280375951ba600de09,359656a1-dc57-4974-b9b3-bf51a0b40c66,no match,match,False,no match,no match
assistantbench,gpt-4.1,9baaa267c95f9d8b75741ee9169c50563d297cfa592c20deaffd30dbc5984c74,2a0703e9-d1c6-4b38-8a36-93a0b6fbad79,no match,match,False,no match,no match
assistantbench,gpt-4.1,9bdca8677af1e25cb7b0c7992dc62670c3e58e4afcd5ae60bcaa2483556bba00,843d7be1-f209-48e5-89fb-bbe52816afa4,no match,no match,False,match,match
assistantbench,gpt-4.1,9e31099fffa6a3891c94934fd4fc2f3f522d51c1904ff3561f3a10e4bf245821,df4f4ebb-e2c5-413c-a1e0-1c89f44e173f,no match,no match,False,,match
assistantbench,gpt-4.1,a9074997e698f912b9e751779ea19c1e92fa148404e90e0ae997acea3f9559b0,1bff008d-559a-4efb-853a-0e1a2d61a2cf,no match,no match,False,match,match
assistantbench,gpt-4.1,b36ef2d8f2643b80e74a44ce3403f674ecb2aed7fd36afeaa289061a59feef92,141370ba-95f9-4b54-86ce-09c180657e62,no match,no match,False,match,no match
assistantbench,gpt-4.1,c7afe00869f98cf363fd83677ac41757ed5e57f03eacc3d1304feb0a92084bd1,82250d56-1af7-4897-bbef-cbb78fff9dad,no match,match,False,no match,no match
assistantbench,gpt-4.1,cca4776df3c73e7f9430a2e624aafad056b14322a0b7ca6c0c22b7e7f3f0890a,e7a3a63b-b39b-44dc-b216-cad5045bc61b,no match,no match,False,,match
assistantbench,gpt-4.1,ccec2229ced20a4b0cb4897e3a99120a3017ea030903e01c9bda6b13d40b0b14,d7d14b90-8324-48e5-9f9c-635befc2741b,,no match,False,match,match
assistantbench,gpt-4.1,e2dc3a6b10b762e8aba7fa4d4e70f757f6d04dcbc8b56c48fc53fd9928d31d07,bb347604-815f-420d-97ff-ebac10f05d74,no match,no match,False,match,no match
assistantbench,gpt-4.1,e6bc98089608217e45b6956a46518fe3cce64a799b3ac43c6974c449ae14c408,9b66b87c-c005-4a43-84e8-9d51d1f364b5,match,no match,False,no match,no match
assistantbench,gpt-4.1,efc0f3a47e9ed2ecdbcc037c2093865fe6e39f4d413a5d1ccdc7357160a4606b,d439595c-dd95-418f-ac9e-42186ff9fb50,no match,no match,False,match,no match
assistantbench,gpt-4.1,f88066d274e265edd6cd9d61cd80a41accb3a14baf2297652fdd05cdf716d455,b00dd15c-8262-4019-b146-fd8cccf038f0,,,False,match,match
assistantbench,gpt-4.1,fb9ba3ab6a13d0adc677f993e90d54914a5cdf211305a1bba6bf16ec4ccb9b7c,789601dc-5d9f-4c11-aa0c-c1dbd4ece323,no match,no match,False,no match,match
assistantbench,gpt-5,0ec4371851b96837b0a81b3dd3df401415061bb532fbafeb4609f3337c358508,84e54509-076e-4633-a2cf-93e6343498d5,match,no match,True,no match,no match
assistantbench,gpt-5,291b53e665b4dd4365cde995042db4a6f6fecef3fe3a6f4482f23d61bd673918,3e0c40b4-8336-4e91-846c-9f1c6d426e83,match,no match,False,no match,no match
assistantbench,gpt-5,2aa5dd83fbcd0dce9a3dd4592106e5b5edf738008d932e357d477bba80e59ccf,be6c688a-8515-4c0e-87d1-76c172b91b5c,match,no match,False,no match,no match
assistantbench,gpt-5,2ddae3b7a208e3c25f14d82d7a1faaaa1832fbf950b4dac345e755c4c361f294,7b29c80f-e3dd-424f-a482-9678709fcc65,no match,match,False,no match,no match
assistantbench,gpt-5,3af8028c2a59e28ca88baff0e6d91f2a9f170c5ef91003f1c8406755a2760ad4,c7ea632e-6db8-4048-b99c-fec492361d71,no match,match,False,no match,no match
assistantbench,gpt-5,4dbedc5e1a0205e14b7ff3ba89bce3060dab15d0ada3b7e1351a6f2aa8287aec,c681dd15-0db6-4ec9-ae54-48723a6d55e6,match,no match,True,no match,no match
assistantbench,gpt-5,4e615af6f0348597b4133cc1ec5418bb3f35328e3d95e23a275027cee97b5e09,d8230bce-20e7-4156-9ad2-b19e5741cc41,no match,no match,True,match,no match
assistantbench,gpt-5,52f7224e9c79431e7926afe317782711a0028750693e7456cde22ef6f4bd8bd5,598a43ee-3575-4f22-8dda-2492040e711d,no match,no match,True,match,no match
assistantbench,gpt-5,557e78eceec08ca8b0da5f9fdaca6e1c7ec6140a8ce600983ee716327dab005e,f2a4590f-222e-45fb-9496-e39a26f8e012,match,no match,False,no match,no match
assistantbench,gpt-5,55f4258484c5b398956133128a50462a767da211f8f72aa5ac5bbffb9bcbba1a,7821510f-96bc-45a1-92ba-d4118e54cf58,match,match,False,no match,no match
assistantbench,gpt-5,57d9dc6935e8a40b02e7f8ec81768fe70e68a0c05f6866927c9fda38db38a486,ec524aaa-2fa0-403f-a030-9289c75d5882,match,match,,no match,no match
assistantbench,gpt-5,6b06d186921b8b390c65aebd0d16f09f60a47d2f1288ebe36953f734e84c0a3c,89a62b65-4a67-4a50-8b9e-ddb369551612,no match,no match,True,no match,no match
assistantbench,gpt-5,6e3be83d1949fa52cba03fb1ce4b5b3bf7e37a83fd7d67694b10b2e439d90cf8,9ff9159f-0f40-4caf-9a8e-37da33a32956,match,no match,True,match,no match
assistantbench,gpt-5,6f224e7730ed027cbac73aebb1aea7f954053082041b02b19f4ff126a0a8a208,696e039e-91a5-4ba1-9798-f1e8b00b10fa,match,,False,no match,
assistantbench,gpt-5,748899d9d70c09beb3bd48ac8a3658bdcfd2f9114fe6dc4c4b8d2f9541ef4607,7bebf2ad-8d40-4a8f-9db1-28a793d98d8a,match,no match,False,no match,no match
assistantbench,gpt-5,797f7a5b65ca28b7e7156e7db1e9f117bd4a021de0cd512bfdbb0be897d89eab,f0d09ef6-2eb3-4fbf-a753-ca4a45bd884e,no match,no match,True,match,match
assistantbench,gpt-5,8ad84bd6fe38481ba49e7ad1f6fbd43219a999074e5c6fc940003281f55ec65b,13ebaba2-b332-4650-b982-13d497503586,match,no match,True,no match,no match
assistantbench,gpt-5,8fa42360185068216f2919935148d4e1ad28ddc18da0abd0f4bb0b6b6f84b127,b1143312-4cb8-4ab4-8dfa-5617d11af5cc,match,no match,False,match,no match
assistantbench,gpt-5,929b45f34805280d77c61d1e093e3d4e551d77ddb6ecd73552b12b1af286388d,e4100c1f-b076-402d-96f7-20be994540c8,no match,no match,True,,no match
assistantbench,gpt-5,99da66d8af02491f98b98c56b26c709e773b5a2ad945fb280375951ba600de09,682e37e3-85fe-4440-bc99-3ed4e94fd27a,match,no match,False,match,no match
assistantbench,gpt-5,9baaa267c95f9d8b75741ee9169c50563d297cfa592c20deaffd30dbc5984c74,fed571e8-0ded-43cd-b5a6-758aa93bbb9c,match,no match,False,match,no match
assistantbench,gpt-5,9bdca8677af1e25cb7b0c7992dc62670c3e58e4afcd5ae60bcaa2483556bba00,6b798b98-c438-40fc-9a40-925418c2360f,match,no match,False,match,no match
assistantbench,gpt-5,9e31099fffa6a3891c94934fd4fc2f3f522d51c1904ff3561f3a10e4bf245821,1000af76-63dd-41cc-8cef-84136ebf1792,match,,True,match,match
assistantbench,gpt-5,a9074997e698f912b9e751779ea19c1e92fa148404e90e0ae997acea3f9559b0,502d47a6-9882-496c-ad40-836f11a1908f,match,,True,match,
assistantbench,gpt-5,b36ef2d8f2643b80e74a44ce3403f674ecb2aed7fd36afeaa289061a59feef92,b438cd25-90a2-4547-bdcc-78c05f9406c6,match,no match,True,match,no match
assistantbench,gpt-5,c7afe00869f98cf363fd83677ac41757ed5e57f03eacc3d1304feb0a92084bd1,b98fccb8-b327-4109-b1f6-1c082a5c0f4a,no match,no match,False,no match,no match
assistantbench,gpt-5,cca4776df3c73e7f9430a2e624aafad056b14322a0b7ca6c0c22b7e7f3f0890a,4db400c9-54f1-4112-9a47-8121b217a4a8,match,no match,True,match,
assistantbench,gpt-5,ccec2229ced20a4b0cb4897e3a99120a3017ea030903e01c9bda6b13d40b0b14,b6bd9487-63e0-4bd4-bb9c-4d6ce6765f8d,no match,no match,True,no match,no match
assistantbench,gpt-5,e2dc3a6b10b762e8aba7fa4d4e70f757f6d04dcbc8b56c48fc53fd9928d31d07,6622cb27-7e19-4bf9-b756-80c6239edced,match,,False,,no match
assistantbench,gpt-5,e6bc98089608217e45b6956a46518fe3cce64a799b3ac43c6974c449ae14c408,d18dbdac-66cd-4973-8c3d-104b436f70de,no match,no match,True,no match,no match
assistantbench,gpt-5,efc0f3a47e9ed2ecdbcc037c2093865fe6e39f4d413a5d1ccdc7357160a4606b,ba0cb476-e86c-4325-bb8d-475c53203487,match,no match,True,match,no match
assistantbench,gpt-5,f88066d274e265edd6cd9d61cd80a41accb3a14baf2297652fdd05cdf716d455,27dd9028-e832-46fb-915f-80ae8bce54a1,match,no match,True,no match,match
assistantbench,gpt-5,fb9ba3ab6a13d0adc677f993e90d54914a5cdf211305a1bba6bf16ec4ccb9b7c,7a8d9201-bdb0-46de-9b8a-3228b1fa4f55,no match,no match,False,match,match
assistantbench,o3_medium,0ec4371851b96837b0a81b3dd3df401415061bb532fbafeb4609f3337c358508,b40a6ae7-94e6-4f09-9b95-162ef078c8f5,match,no match,True,match,no match
assistantbench,o3_medium,291b53e665b4dd4365cde995042db4a6f6fecef3fe3a6f4482f23d61bd673918,cad2d419-d99d-4d8c-b471-822c4875a276,match,no match,False,no match,no match
assistantbench,o3_medium,2aa5dd83fbcd0dce9a3dd4592106e5b5edf738008d932e357d477bba80e59ccf,a9a2144a-fd70-481b-91b7-29c066be8abf,no match,match,False,no match,no match
assistantbench,o3_medium,2ddae3b7a208e3c25f14d82d7a1faaaa1832fbf950b4dac345e755c4c361f294,79bbc3be-d68e-4898-91a9-38d7421fbd4a,no match,match,False,no match,no match
assistantbench,o3_medium,3af8028c2a59e28ca88baff0e6d91f2a9f170c5ef91003f1c8406755a2760ad4,b5ffe1cf-9eb9-4b60-ba10-b73293a7046f,no match,no match,False,match,no match
assistantbench,o3_medium,4dbedc5e1a0205e14b7ff3ba89bce3060dab15d0ada3b7e1351a6f2aa8287aec,a2c2b175-c516-4c8d-a87c-f5d9836da35f,match,no match,False,match,no match
assistantbench,o3_medium,4e615af6f0348597b4133cc1ec5418bb3f35328e3d95e23a275027cee97b5e09,4badcf3f-82b0-4648-b1e0-f922ff02889b,match,no match,False,match,no match
assistantbench,o3_medium,52f7224e9c79431e7926afe317782711a0028750693e7456cde22ef6f4bd8bd5,a34ff609-0746-4f36-bd3d-834f3ea18060,no match,no match,False,match,no match
assistantbench,o3_medium,557e78eceec08ca8b0da5f9fdaca6e1c7ec6140a8ce600983ee716327dab005e,4f7f42f2-43d9-42fb-94b7-41661ebe1728,no match,no match,False,match,no match
assistantbench,o3_medium,55f4258484c5b398956133128a50462a767da211f8f72aa5ac5bbffb9bcbba1a,fe509c90-1a32-45b3-aad9-44d793aee443,no match,match,False,no match,no match
assistantbench,o3_medium,57d9dc6935e8a40b02e7f8ec81768fe70e68a0c05f6866927c9fda38db38a486,100352b6-094b-4552-b75e-f212aed13d99,no match,no match,False,no match,match
assistantbench,o3_medium,6b06d186921b8b390c65aebd0d16f09f60a47d2f1288ebe36953f734e84c0a3c,baa4ccd9-dad9-47d3-a34c-7e87a10cce48,no match,no match,False,match,no match
assistantbench,o3_medium,6e3be83d1949fa52cba03fb1ce4b5b3bf7e37a83fd7d67694b10b2e439d90cf8,54b9e2ac-984a-4c4a-bb7b-7e9518f306ef,no match,no match,False,match,no match
assistantbench,o3_medium,6f224e7730ed027cbac73aebb1aea7f954053082041b02b19f4ff126a0a8a208,798a3695-427b-48df-8be5-0158902f3d3c,match,,False,no match,no match
assistantbench,o3_medium,748899d9d70c09beb3bd48ac8a3658bdcfd2f9114fe6dc4c4b8d2f9541ef4607,521c61a8-ddc9-4aa9-9b3d-488d8e861993,match,no match,False,no match,no match
assistantbench,o3_medium,797f7a5b65ca28b7e7156e7db1e9f117bd4a021de0cd512bfdbb0be897d89eab,8cce94e3-b2ba-48e9-96a7-f19c04c087fb,no match,,False,match,no match
assistantbench,o3_medium,8ad84bd6fe38481ba49e7ad1f6fbd43219a999074e5c6fc940003281f55ec65b,8bda78d8-0c5e-4f8b-b894-9df321fe575f,match,no match,False,match,no match
assistantbench,o3_medium,8fa42360185068216f2919935148d4e1ad28ddc18da0abd0f4bb0b6b6f84b127,ce9de420-19cf-4cbf-a9d3-1485307cf79f,match,no match,False,match,no match
assistantbench,o3_medium,929b45f34805280d77c61d1e093e3d4e551d77ddb6ecd73552b12b1af286388d,3b199b1e-f697-48e4-8ea8-8864b18c7485,no match,no match,False,match,no match
assistantbench,o3_medium,99da66d8af02491f98b98c56b26c709e773b5a2ad945fb280375951ba600de09,2cdc8b45-df0f-4c5b-a98c-612bc68bbcbe,no match,no match,False,no match,no match
assistantbench,o3_medium,9baaa267c95f9d8b75741ee9169c50563d297cfa592c20deaffd30dbc5984c74,c5f720a9-16b9-45ea-afc8-484762803ffb,match,no match,False,match,no match
assistantbench,o3_medium,9bdca8677af1e25cb7b0c7992dc62670c3e58e4afcd5ae60bcaa2483556bba00,d7708d2a-3886-4776-97af-b3cac59595ce,no match,no match,False,match,no match
assistantbench,o3_medium,9e31099fffa6a3891c94934fd4fc2f3f522d51c1904ff3561f3a10e4bf245821,99af5069-3909-465a-922c-03113832f5dd,match,,False,no match,match
assistantbench,o3_medium,a9074997e698f912b9e751779ea19c1e92fa148404e90e0ae997acea3f9559b0,32aa5bbc-646c-405e-be0c-d29c53f77cc4,match,no match,False,match,match
assistantbench,o3_medium,b36ef2d8f2643b80e74a44ce3403f674ecb2aed7fd36afeaa289061a59feef92,3d86b303-b336-4eef-88de-112e82617300,match,no match,False,match,no match
assistantbench,o3_medium,c7afe00869f98cf363fd83677ac41757ed5e57f03eacc3d1304feb0a92084bd1,cd18603a-131c-4eef-be10-7b578e9c1b2b,no match,no match,False,match,no match
assistantbench,o3_medium,cca4776df3c73e7f9430a2e624aafad056b14322a0b7ca6c0c22b7e7f3f0890a,21a8bb6c-5f14-4ea3-97d7-1b8971e938a4,,no match,False,match,no match
assistantbench,o3_medium,ccec2229ced20a4b0cb4897e3a99120a3017ea030903e01c9bda6b13d40b0b14,db3566a4-6184-4735-911c-d3f5e03706d1,no match,no match,False,match,match
assistantbench,o3_medium,e2dc3a6b10b762e8aba7fa4d4e70f757f6d04dcbc8b56c48fc53fd9928d31d07,9a1f3f80-574e-48b0-ba88-b054fe628d05,no match,match,False,no match,no match
assistantbench,o3_medium,e6bc98089608217e45b6956a46518fe3cce64a799b3ac43c6974c449ae14c408,77f5dafb-477d-4a6a-8ac2-7f773e98e3c8,,no match,False,no match,no match
assistantbench,o3_medium,efc0f3a47e9ed2ecdbcc037c2093865fe6e39f4d413a5d1ccdc7357160a4606b,9a3b3ac3-6067-4d7c-a9d7-5cb97409089a,no match,no match,True,match,no match
assistantbench,o3_medium,f88066d274e265edd6cd9d61cd80a41accb3a14baf2297652fdd05cdf716d455,45c89726-b619-4c47-a17f-d12918f6a971,,,False,match,no match
assistantbench,o3_medium,fb9ba3ab6a13d0adc677f993e90d54914a5cdf211305a1bba6bf16ec4ccb9b7c,509473a4-b9cd-4af7-8278-ec1d00920ae0,no match,no match,False,match,no match
assistantbench,o4-mini_high,0ec4371851b96837b0a81b3dd3df401415061bb532fbafeb4609f3337c358508,d5a0b194-ea4e-4b16-9044-5cf386ef7593,no match,no match,False,match,no match
assistantbench,o4-mini_high,291b53e665b4dd4365cde995042db4a6f6fecef3fe3a6f4482f23d61bd673918,0711d481-87cf-4d73-97ff-cfc767927f68,match,no match,False,match,no match
assistantbench,o4-mini_high,2aa5dd83fbcd0dce9a3dd4592106e5b5edf738008d932e357d477bba80e59ccf,c185044a-191c-4baf-ae1d-2eda3a39dc4c,,no match,False,match,no match
assistantbench,o4-mini_high,2ddae3b7a208e3c25f14d82d7a1faaaa1832fbf950b4dac345e755c4c361f294,9237cede-21dd-4ae1-b25a-c192450b6969,no match,no match,False,match,no match
assistantbench,o4-mini_high,3af8028c2a59e28ca88baff0e6d91f2a9f170c5ef91003f1c8406755a2760ad4,b3ce7925-811a-4a4c-9d3b-85d47b23c175,match,no match,False,match,no match
assistantbench,o4-mini_high,4dbedc5e1a0205e14b7ff3ba89bce3060dab15d0ada3b7e1351a6f2aa8287aec,d3652e70-3b1f-4400-b0a4-6f463cf52dee,match,no match,False,no match,no match
assistantbench,o4-mini_high,4e615af6f0348597b4133cc1ec5418bb3f35328e3d95e23a275027cee97b5e09,374291b8-6261-44b5-ab83-feb1718d70be,no match,,False,match,no match
assistantbench,o4-mini_high,52f7224e9c79431e7926afe317782711a0028750693e7456cde22ef6f4bd8bd5,aa058394-b016-45dd-af0d-bd8de56f42bc,match,match,False,no match,no match
assistantbench,o4-mini_high,557e78eceec08ca8b0da5f9fdaca6e1c7ec6140a8ce600983ee716327dab005e,a504da28-8ddc-4b0b-8049-bde9e1e3a8fa,match,no match,False,match,no match
assistantbench,o4-mini_high,55f4258484c5b398956133128a50462a767da211f8f72aa5ac5bbffb9bcbba1a,266b2470-054b-438e-b2d6-b733d7bcc331,,no match,False,match,no match
assistantbench,o4-mini_high,57d9dc6935e8a40b02e7f8ec81768fe70e68a0c05f6866927c9fda38db38a486,f4f97dd7-2761-4599-98cc-4f43d59fa9d4,match,no match,False,no match,no match
assistantbench,o4-mini_high,6b06d186921b8b390c65aebd0d16f09f60a47d2f1288ebe36953f734e84c0a3c,a8424675-1d08-4b7a-acef-c0599cb8e619,no match,no match,False,no match,no match
assistantbench,o4-mini_high,6e3be83d1949fa52cba03fb1ce4b5b3bf7e37a83fd7d67694b10b2e439d90cf8,51c078f7-c9cb-4202-acac-c2c4931f2adb,no match,no match,True,match,no match
assistantbench,o4-mini_high,6f224e7730ed027cbac73aebb1aea7f954053082041b02b19f4ff126a0a8a208,831270d3-838b-458a-9cf9-ead79de8301c,no match,,False,no match,no match
assistantbench,o4-mini_high,748899d9d70c09beb3bd48ac8a3658bdcfd2f9114fe6dc4c4b8d2f9541ef4607,f6fed4fe-9345-4240-b9b2-eca845dff44c,match,no match,False,no match,no match
assistantbench,o4-mini_high,797f7a5b65ca28b7e7156e7db1e9f117bd4a021de0cd512bfdbb0be897d89eab,8006c9f7-cff8-481c-93a4-19c859addb5a,match,,False,no match,no match
assistantbench,o4-mini_high,8ad84bd6fe38481ba49e7ad1f6fbd43219a999074e5c6fc940003281f55ec65b,a5bf1600-1560-4ae2-ab84-f9f578c27f40,match,no match,False,match,no match
assistantbench,o4-mini_high,8fa42360185068216f2919935148d4e1ad28ddc18da0abd0f4bb0b6b6f84b127,2fc69f3a-d1b6-4e84-a8b0-2272ca0d2b42,,no match,False,match,no match
assistantbench,o4-mini_high,929b45f34805280d77c61d1e093e3d4e551d77ddb6ecd73552b12b1af286388d,0fd9506a-7c19-49fd-94eb-b592c463dace,match,no match,False,match,no match
assistantbench,o4-mini_high,99da66d8af02491f98b98c56b26c709e773b5a2ad945fb280375951ba600de09,c18b9fc5-02ed-4e25-8cf8-288808d76d78,no match,no match,False,no match,no match
assistantbench,o4-mini_high,9baaa267c95f9d8b75741ee9169c50563d297cfa592c20deaffd30dbc5984c74,ee594929-fdf8-4f40-bb10-94c3f01123a0,match,no match,False,no match,no match
assistantbench,o4-mini_high,9bdca8677af1e25cb7b0c7992dc62670c3e58e4afcd5ae60bcaa2483556bba00,5896ca23-e4f4-4af6-a4d9-69fbb5630e62,no match,no match,False,match,no match
assistantbench,o4-mini_high,9e31099fffa6a3891c94934fd4fc2f3f522d51c1904ff3561f3a10e4bf245821,18e4b8e6-07f4-4838-a865-7cb0db54b4df,match,no match,False,no match,match
assistantbench,o4-mini_high,a9074997e698f912b9e751779ea19c1e92fa148404e90e0ae997acea3f9559b0,df2e5183-553a-4004-897d-a52d5d67e928,,no match,False,match,no match
assistantbench,o4-mini_high,b36ef2d8f2643b80e74a44ce3403f674ecb2aed7fd36afeaa289061a59feef92,d2e6cf5b-eee0-40a5-9e02-0dcbb212b1a8,match,no match,True,match,no match
assistantbench,o4-mini_high,c7afe00869f98cf363fd83677ac41757ed5e57f03eacc3d1304feb0a92084bd1,c860452e-1a24-456e-8410-8cf93718eea1,no match,match,True,no match,no match
assistantbench,o4-mini_high,cca4776df3c73e7f9430a2e624aafad056b14322a0b7ca6c0c22b7e7f3f0890a,e1bd7ab7-4525-45b9-b2d8-65f0b2842432,match,no match,False,match,no match
assistantbench,o4-mini_high,ccec2229ced20a4b0cb4897e3a99120a3017ea030903e01c9bda6b13d40b0b14,bfe15459-2d32-454e-b510-50a12cee2d17,match,no match,False,match,no match
assistantbench,o4-mini_high,e2dc3a6b10b762e8aba7fa4d4e70f757f6d04dcbc8b56c48fc53fd9928d31d07,b9dee1d5-b975-4aa0-a6ca-bb66ac45852e,match,no match,False,no match,no match
assistantbench,o4-mini_high,e6bc98089608217e45b6956a46518fe3cce64a799b3ac43c6974c449ae14c408,3e49f1e1-15d0-4891-9cca-7c4db0b2fc87,no match,match,False,no match,no match
assistantbench,o4-mini_high,efc0f3a47e9ed2ecdbcc037c2093865fe6e39f4d413a5d1ccdc7357160a4606b,9cf83580-3c88-4358-9efa-0bc46a6ac308,no match,no match,False,match,no match
assistantbench,o4-mini_high,f88066d274e265edd6cd9d61cd80a41accb3a14baf2297652fdd05cdf716d455,c267b0b5-46ae-4d94-90b7-d15a4e106bc4,match,no match,False,match,no match
assistantbench,o4-mini_high,fb9ba3ab6a13d0adc677f993e90d54914a5cdf211305a1bba6bf16ec4ccb9b7c,8f44e242-d6e9-4b97-9d8f-33c6926d1e76,no match,no match,False,match,no match
assistantbench,o4-mini_low,0ec4371851b96837b0a81b3dd3df401415061bb532fbafeb4609f3337c358508,72d3a937-b1d3-4a8f-a591-82dee7ff16a7,match,no match,False,match,no match
assistantbench,o4-mini_low,291b53e665b4dd4365cde995042db4a6f6fecef3fe3a6f4482f23d61bd673918,9515eb28-5a54-4202-9222-dadafb3ac356,no match,no match,False,match,no match
assistantbench,o4-mini_low,2aa5dd83fbcd0dce9a3dd4592106e5b5edf738008d932e357d477bba80e59ccf,47f0ae93-7942-42a9-83c9-8335a1fb5806,no match,match,False,no match,no match
assistantbench,o4-mini_low,2ddae3b7a208e3c25f14d82d7a1faaaa1832fbf950b4dac345e755c4c361f294,ec25061b-1570-42eb-9757-649950747d18,no match,no match,True,no match,no match
assistantbench,o4-mini_low,3af8028c2a59e28ca88baff0e6d91f2a9f170c5ef91003f1c8406755a2760ad4,fc398abf-b7f0-4b2b-a276-3b5023a64d15,match,no match,False,match,no match
assistantbench,o4-mini_low,4dbedc5e1a0205e14b7ff3ba89bce3060dab15d0ada3b7e1351a6f2aa8287aec,a53c0dd0-c030-4526-9459-deb06c33495c,match,no match,False,match,no match
assistantbench,o4-mini_low,4e615af6f0348597b4133cc1ec5418bb3f35328e3d95e23a275027cee97b5e09,d81b49aa-5cea-41c5-bbde-738fced689b7,no match,no match,False,match,no match
assistantbench,o4-mini_low,52f7224e9c79431e7926afe317782711a0028750693e7456cde22ef6f4bd8bd5,6d5cf760-e39a-4a22-a9c9-59784d2d92c0,match,no match,False,match,
assistantbench,o4-mini_low,557e78eceec08ca8b0da5f9fdaca6e1c7ec6140a8ce600983ee716327dab005e,db8cad0d-6a87-492b-b0e7-6965359a6443,no match,no match,True,match,match
assistantbench,o4-mini_low,55f4258484c5b398956133128a50462a767da211f8f72aa5ac5bbffb9bcbba1a,852265e9-f05a-413f-85d3-f74c12213d03,no match,match,False,no match,no match
assistantbench,o4-mini_low,57d9dc6935e8a40b02e7f8ec81768fe70e68a0c05f6866927c9fda38db38a486,524a9642-77d9-41dc-a193-cc01fdebd1bd,no match,no match,False,match,match
assistantbench,o4-mini_low,6b06d186921b8b390c65aebd0d16f09f60a47d2f1288ebe36953f734e84c0a3c,e4456252-9745-498d-927c-d5c7ba6b8640,,no match,False,no match,no match
assistantbench,o4-mini_low,6e3be83d1949fa52cba03fb1ce4b5b3bf7e37a83fd7d67694b10b2e439d90cf8,53ec32d8-1694-4144-81a3-af6b2c3c6e8a,no match,no match,False,match,no match
assistantbench,o4-mini_low,6f224e7730ed027cbac73aebb1aea7f954053082041b02b19f4ff126a0a8a208,9b5f16a4-9a5c-4a22-9e76-a2efcab6dfdc,no match,no match,False,no match,no match
assistantbench,o4-mini_low,748899d9d70c09beb3bd48ac8a3658bdcfd2f9114fe6dc4c4b8d2f9541ef4607,74fca14f-d164-4fc6-8395-b181406aaca7,no match,no match,True,no match,no match
assistantbench,o4-mini_low,797f7a5b65ca28b7e7156e7db1e9f117bd4a021de0cd512bfdbb0be897d89eab,9c580ad1-7bb7-44df-b484-a6f98335c3d8,match,no match,True,no match,no match
assistantbench,o4-mini_low,8ad84bd6fe38481ba49e7ad1f6fbd43219a999074e5c6fc940003281f55ec65b,da330b87-9b06-4d10-a75e-e82d6df51104,no match,no match,True,match,match
assistantbench,o4-mini_low,8fa42360185068216f2919935148d4e1ad28ddc18da0abd0f4bb0b6b6f84b127,a69a44f4-c0e1-4c14-a94f-32370d482242,no match,no match,False,match,no match
assistantbench,o4-mini_low,929b45f34805280d77c61d1e093e3d4e551d77ddb6ecd73552b12b1af286388d,86bc1065-3d30-4058-befa-e387b6f30613,match,no match,False,match,no match
assistantbench,o4-mini_low,99da66d8af02491f98b98c56b26c709e773b5a2ad945fb280375951ba600de09,3236e0b8-f889-428c-ac9e-42c20a8337e7,match,no match,True,no match,no match
assistantbench,o4-mini_low,9baaa267c95f9d8b75741ee9169c50563d297cfa592c20deaffd30dbc5984c74,868e1289-b235-4220-9409-5979759c8f2c,no match,no match,False,match,no match
assistantbench,o4-mini_low,9bdca8677af1e25cb7b0c7992dc62670c3e58e4afcd5ae60bcaa2483556bba00,a78f68f4-e94d-4ef8-be65-62d70340178b,match,no match,False,match,no match
assistantbench,o4-mini_low,9e31099fffa6a3891c94934fd4fc2f3f522d51c1904ff3561f3a10e4bf245821,8ac78d30-c5f7-4827-9a61-fbdb1f77abed,match,,False,match,match
assistantbench,o4-mini_low,a9074997e698f912b9e751779ea19c1e92fa148404e90e0ae997acea3f9559b0,133f3393-f5bc-4f87-89e0-b78755402633,match,no match,False,no match,no match
assistantbench,o4-mini_low,b36ef2d8f2643b80e74a44ce3403f674ecb2aed7fd36afeaa289061a59feef92,b3d3527a-9c7e-4349-a916-a9351fa5e12b,no match,no match,True,match,no match
assistantbench,o4-mini_low,c7afe00869f98cf363fd83677ac41757ed5e57f03eacc3d1304feb0a92084bd1,6ccc21f1-b628-4d5b-9ec5-c3cd918e84ca,match,no match,False,match,no match
assistantbench,o4-mini_low,cca4776df3c73e7f9430a2e624aafad056b14322a0b7ca6c0c22b7e7f3f0890a,88b6a8cb-6cff-47e9-8faa-188741282205,match,no match,False,match,no match
assistantbench,o4-mini_low,ccec2229ced20a4b0cb4897e3a99120a3017ea030903e01c9bda6b13d40b0b14,1f711240-5ea4-434c-94cb-2afe8b9c4271,match,no match,False,match,no match
assistantbench,o4-mini_low,e2dc3a6b10b762e8aba7fa4d4e70f757f6d04dcbc8b56c48fc53fd9928d31d07,356a9784-4332-40e2-96e0-53b533b25a98,match,no match,True,match,no match
assistantbench,o4-mini_low,e6bc98089608217e45b6956a46518fe3cce64a799b3ac43c6974c449ae14c408,e67785bf-3706-4fad-bbd5-334868cfaedb,no match,no match,False,match,no match
assistantbench,o4-mini_low,efc0f3a47e9ed2ecdbcc037c2093865fe6e39f4d413a5d1ccdc7357160a4606b,93db0eef-9803-445e-b62b-44cd4bf9cf79,no match,no match,True,no match,no match
assistantbench,o4-mini_low,f88066d274e265edd6cd9d61cd80a41accb3a14baf2297652fdd05cdf716d455,c2881fce-c892-414c-9c46-bad0c06b6dac,no match,,False,match,no match
assistantbench,o4-mini_low,fb9ba3ab6a13d0adc677f993e90d54914a5cdf211305a1bba6bf16ec4ccb9b7c,c0dcade6-1a24-49d4-970c-24f5959cc5a7,no match,no match,False,no match,no match
