benchmark_id,model,task_id,agent_run_id,selfcorrection.label,tooluse.label,verification.label,environmentalbarrier.label,instructionfollowing.label
scicode,gpt-4.1-2025-04-14,2,b65d64f5-8a08-4c56-acc4-ec60f6365009,no match,match,no match,match,no match
scicode,gpt-4.1-2025-04-14,5,fc204ac4-6e98-44a3-a785-31a54f4fa259,no match,match,no match,match,no match
scicode,gpt-4.1-2025-04-14,8,6b96ff4f-b9b0-4aa7-8a17-ef85978b20d3,match,match,no match,no match,no match
scicode,gpt-4.1-2025-04-14,9,37688dde-4d22-40ca-8414-4828cadc6404,no match,match,no match,no match,no match
scicode,gpt-4.1-2025-04-14,11,9cc21742-4d17-44d2-ae26-6ce5467949da,match,match,match,no match,no match
scicode,gpt-4.1-2025-04-14,14,94a7e72a-02a5-43ec-8d4f-ae55fb4907f3,match,match,no match,match,no match
scicode,gpt-4.1-2025-04-14,15,4d425da5-1693-4696-b439-7293d9667cfb,no match,match,no match,match,no match
scicode,gpt-4.1-2025-04-14,16,9373521d-b0d1-4a13-8fec-59603bea6fba,match,match,,match,no match
scicode,gpt-4.1-2025-04-14,17,7d8cc5a9-1f2a-489d-932b-4e4ec33fa07b,match,match,match,no match,no match
scicode,gpt-4.1-2025-04-14,18,64dca461-d7d0-487b-9e8a-db3b8eed702d,no match,match,match,no match,no match
scicode,gpt-4.1-2025-04-14,20,1858c949-9871-44ed-ba2e-9f3d919962f7,match,match,no match,no match,no match
scicode,gpt-4.1-2025-04-14,21,3a56ab8d-9158-47c9-b2ea-6001b759b01e,no match,match,match,no match,no match
scicode,gpt-4.1-2025-04-14,22,64d7f765-82ce-402f-933d-edfb21efa534,match,match,match,match,no match
scicode,gpt-4.1-2025-04-14,23,5d30fd77-cdd2-4bf4-a81b-355d5eb7909f,match,match,match,match,no match
scicode,gpt-4.1-2025-04-14,24,08aeec77-cde6-4318-a4c8-fa266e3c5e15,match,match,,no match,no match
scicode,gpt-4.1-2025-04-14,25,a113cac3-4b43-4d4d-9a13-1f5278219755,match,match,match,no match,no match
scicode,gpt-4.1-2025-04-14,26,e59d5ccf-e183-419e-b214-ff8bbf610c89,match,match,match,match,no match
scicode,gpt-4.1-2025-04-14,27,50d0d33b-b0f9-4124-9010-ea446457e21b,match,match,match,,no match
scicode,gpt-4.1-2025-04-14,28,c7cc627c-d34e-4247-8019-8756e8b3226c,match,match,,no match,no match
scicode,gpt-4.1-2025-04-14,30,80237b14-d3f9-49e0-99a3-ecabdaee1721,no match,no match,no match,no match,no match
scicode,gpt-4.1-2025-04-14,31,c3f86888-982e-4cc5-b84d-38f0ba038f2a,match,match,match,match,match
scicode,gpt-4.1-2025-04-14,32,494f9a2b-e957-4372-b745-c67e685cfd84,match,match,match,match,no match
scicode,gpt-4.1-2025-04-14,33,62b85dbb-8361-4029-ae45-484785beef6c,match,match,match,no match,no match
scicode,gpt-4.1-2025-04-14,34,c8a78634-d193-442a-b10c-a9ccf3994365,no match,match,match,no match,no match
scicode,gpt-4.1-2025-04-14,35,796f7511-b16d-44ad-80a3-8faa66dda6d6,,match,match,no match,no match
scicode,gpt-4.1-2025-04-14,36,65688b08-c788-4d04-a9ea-f4bdf1f87fff,match,match,no match,match,no match
scicode,gpt-4.1-2025-04-14,37,920c5200-30db-4423-b6fa-d479aecdc66e,,match,match,no match,no match
scicode,gpt-4.1-2025-04-14,39,efd7525a-21ad-4793-8011-58ab499682a9,match,match,match,no match,no match
scicode,gpt-4.1-2025-04-14,40,4f09cca2-f23c-40e9-ab42-3086e531eb95,no match,match,match,no match,no match
scicode,gpt-4.1-2025-04-14,41,1c7dce71-ce62-4cec-bb72-8d19e25bad80,match,match,match,match,no match
scicode,gpt-4.1-2025-04-14,42,15945fd4-3e0a-414b-b091-e1f0ce333963,no match,match,match,no match,match
scicode,gpt-4.1-2025-04-14,43,8140834e-e143-4015-971d-208ceb4c4943,match,match,match,match,no match
scicode,gpt-4.1-2025-04-14,45,85edb92f-e578-43a2-85fe-7adb0794ea48,match,match,match,no match,no match
scicode,gpt-4.1-2025-04-14,46,5c7aa94c-c3cb-4c0d-aa5c-2090682f983b,match,match,no match,match,no match
scicode,gpt-4.1-2025-04-14,48,ea4ec41b-fc3a-4e19-aa03-6bd3c2094555,match,match,match,match,no match
scicode,gpt-4.1-2025-04-14,50,5715d4fe-ecb1-49c6-ac87-c3e5157708ba,match,match,match,match,no match
scicode,gpt-4.1-2025-04-14,52,58d80a32-ef83-465e-b422-0f84c68c1502,no match,match,match,no match,no match
scicode,gpt-4.1-2025-04-14,53,8fb11b10-3329-40ca-921c-30b8b49ccc8a,match,match,no match,match,match
scicode,gpt-4.1-2025-04-14,54,c7dae772-940c-42a4-80c5-a203125f9d14,match,match,match,no match,no match
scicode,gpt-4.1-2025-04-14,55,72f86c43-723c-4289-8b8d-989a558ebd64,match,match,no match,match,no match
scicode,gpt-4.1-2025-04-14,56,8346411a-e4a5-4957-9e2f-60f80d8cd0fc,match,match,match,no match,no match
scicode,gpt-4.1-2025-04-14,57,a0197921-af72-49a8-996c-3c7e8f94e306,match,match,match,match,no match
scicode,gpt-4.1-2025-04-14,58,e428f370-c33e-4a41-b29a-24de24bde210,match,match,match,no match,no match
scicode,gpt-4.1-2025-04-14,59,e6d0b0f3-88aa-4dcf-aba2-fb14f51e9ab9,match,match,match,match,no match
scicode,gpt-4.1-2025-04-14,60,b9a73d56-9706-4d95-ada6-939d93386c16,match,match,match,no match,no match
scicode,gpt-4.1-2025-04-14,61,a4a79a00-2377-42bc-b09a-d54a6e016594,match,match,match,no match,no match
scicode,gpt-4.1-2025-04-14,62,b14b4e93-3084-4b98-a543-1c4376248fdd,match,match,match,match,no match
scicode,gpt-4.1-2025-04-14,63,75f16aa0-48bc-4ae7-9bc7-92cec020df17,match,match,,,no match
scicode,gpt-4.1-2025-04-14,64,3e3b69d4-83fc-42dc-a137-139cb35254d1,match,match,match,no match,no match
scicode,gpt-4.1-2025-04-14,65,28fae5e4-75aa-47b0-97d3-821622b33e65,match,match,match,match,no match
scicode,gpt-4.1-2025-04-14,66,da45db15-ab9c-4646-941c-eb36b50d8d7f,match,match,match,no match,match
scicode,gpt-4.1-2025-04-14,67,4eea60e7-9a93-4f15-8153-b486e518bc5d,match,match,,no match,no match
scicode,gpt-4.1-2025-04-14,68,4c1e779f-ce74-4aae-82a8-69af6add4f2e,match,match,match,match,match
scicode,gpt-4.1-2025-04-14,69,388c30fc-eaa7-4cda-86eb-672a64447226,match,match,match,match,match
scicode,gpt-4.1-2025-04-14,71,815bd26d-56e3-41c8-bf90-1b1b2609a00c,match,match,match,match,no match
scicode,gpt-4.1-2025-04-14,72,8b5903b6-925c-48b9-819e-2392f2b83bb5,match,match,match,no match,match
scicode,gpt-4.1-2025-04-14,74,f768b16e-1584-40d1-ac2a-7c4a12285b30,match,match,match,no match,no match
scicode,gpt-4.1-2025-04-14,75,1f30952a-bd9a-4cb3-be78-153c4d7731ad,match,match,match,match,no match
scicode,gpt-4.1-2025-04-14,76,022477d4-fd8f-498c-bb02-7da2fa0acf89,match,match,match,no match,no match
scicode,gpt-4.1-2025-04-14,77,965df78e-e1e7-417e-966b-66646404b1a5,match,match,match,match,no match
scicode,gpt-4.1-2025-04-14,79,117fd66c-2654-489e-ae72-9d148d277d47,no match,match,match,no match,no match
scicode,gpt-4.1-2025-04-14,80,7e2cc2ad-0c7f-49d5-b57d-971429ff2d04,match,match,match,no match,no match
scicode,openai/claude-3-7-sonnet-20250219,2,477ada2b-2d92-4517-9eea-9e3b3ece1b33,no match,match,no match,no match,no match
scicode,openai/claude-3-7-sonnet-20250219,5,6565b06a-14e3-4e55-9ecd-6facbaa9b38e,match,match,no match,match,no match
scicode,openai/claude-3-7-sonnet-20250219,8,5715f10f-58cf-4ddf-9fe9-c3aebf91d7e1,no match,match,no match,match,no match
scicode,openai/claude-3-7-sonnet-20250219,9,b1fe4015-b958-462d-949f-1051edbee282,no match,match,no match,match,no match
scicode,openai/claude-3-7-sonnet-20250219,14,7bb4f1a0-0b93-4503-a28a-247436c417f9,no match,match,,match,no match
scicode,openai/claude-3-7-sonnet-20250219,15,ffa2b652-93d8-4e9d-9b66-b3de5a522677,match,match,match,no match,no match
scicode,openai/claude-3-7-sonnet-20250219,16,e264d8d0-958d-490f-bcbc-535f18b12f26,match,match,match,match,no match
scicode,openai/claude-3-7-sonnet-20250219,17,b0647ca1-b1c6-4477-b02b-85397b822bb4,match,match,match,no match,no match
scicode,openai/claude-3-7-sonnet-20250219,18,248ce19c-83ab-4152-8058-f21fbaa95063,no match,match,no match,no match,no match
scicode,openai/claude-3-7-sonnet-20250219,20,7eaf0108-2c1e-426c-ac36-55c22f18c5bf,match,match,match,no match,no match
scicode,openai/claude-3-7-sonnet-20250219,21,57e22acb-0c65-4143-a617-600f6a4036d3,no match,match,no match,no match,no match
scicode,openai/claude-3-7-sonnet-20250219,22,8e6c4177-4ab4-4d9e-85f6-2270979514c8,no match,match,,match,no match
scicode,openai/claude-3-7-sonnet-20250219,23,af9cd307-7a7d-4fce-a20a-d84c8a9f608f,match,match,match,no match,no match
scicode,openai/claude-3-7-sonnet-20250219,24,4769a616-0ecf-4450-bafe-dc00b99437bf,no match,match,no match,no match,no match
scicode,openai/claude-3-7-sonnet-20250219,25,9c3062c7-7495-4805-b515-b4a30bda5bea,match,match,match,match,no match
scicode,openai/claude-3-7-sonnet-20250219,26,4a48b409-f97e-4eb7-a4c8-f577cedcce4e,no match,no match,match,no match,no match
scicode,openai/claude-3-7-sonnet-20250219,27,3a808148-79ae-4635-ab9b-0d75a7ed1a47,no match,match,match,no match,no match
scicode,openai/claude-3-7-sonnet-20250219,28,427cd207-227f-4f27-bd76-a29bf5411746,no match,match,match,no match,no match
scicode,openai/claude-3-7-sonnet-20250219,30,07d88bff-9a6a-46c0-8798-640e72634484,no match,match,match,no match,no match
scicode,openai/claude-3-7-sonnet-20250219,31,f0e69dd1-82f7-4ac2-9413-f35e8790e3f8,match,match,match,match,no match
scicode,openai/claude-3-7-sonnet-20250219,32,ff075e19-5833-4356-b01b-5b9a6eb645f5,no match,match,match,no match,no match
scicode,openai/claude-3-7-sonnet-20250219,33,13e08126-62bb-431e-a2d0-a7bba1698f74,match,match,match,no match,no match
scicode,openai/claude-3-7-sonnet-20250219,34,0b82bf26-3e8e-4a3a-974b-a11650c07ba6,no match,match,match,no match,no match
scicode,openai/claude-3-7-sonnet-20250219,35,193fa9e6-f306-4884-aacc-f8b46b451af9,match,match,no match,no match,no match
scicode,openai/claude-3-7-sonnet-20250219,36,3a79eaca-8c74-43c8-9b22-90705d9beafa,match,match,no match,match,no match
scicode,openai/claude-3-7-sonnet-20250219,37,e31b2747-9bf8-4efb-a98e-4ed660eaa918,no match,match,no match,no match,no match
scicode,openai/claude-3-7-sonnet-20250219,39,c434201e-6191-4c09-ad6c-61893905f6eb,no match,match,match,no match,no match
scicode,openai/claude-3-7-sonnet-20250219,40,c1189ad2-32ac-4caf-863d-467dc880e18e,no match,match,match,no match,no match
scicode,openai/claude-3-7-sonnet-20250219,41,068d60ed-22d3-45e5-b6f3-4e5ff726489d,no match,match,no match,no match,no match
scicode,openai/claude-3-7-sonnet-20250219,42,03d92e51-5777-4995-b11e-7cb90c4c0d19,no match,match,match,no match,no match
scicode,openai/claude-3-7-sonnet-20250219,43,afe7f8e9-0450-4200-b6d3-02c865ba635b,match,match,match,match,no match
scicode,openai/claude-3-7-sonnet-20250219,45,50b1bd7d-c1dc-45b6-a14d-ec2a48189b08,no match,match,match,no match,no match
scicode,openai/claude-3-7-sonnet-20250219,46,39578194-946a-45d6-b46e-6da51f7f509c,match,match,match,match,no match
scicode,openai/claude-3-7-sonnet-20250219,48,266581ab-ba28-4949-b4bc-075560ad7e63,no match,match,match,no match,no match
scicode,openai/claude-3-7-sonnet-20250219,50,029c7dc4-961f-4843-864c-ab697d10c0c5,match,match,match,match,no match
scicode,openai/claude-3-7-sonnet-20250219,52,cef205ba-d233-4060-be13-dd3520a868c5,match,match,no match,match,no match
scicode,openai/claude-3-7-sonnet-20250219,53,da814272-254d-4de7-84be-50a3e2845555,match,match,match,match,no match
scicode,openai/claude-3-7-sonnet-20250219,54,bf6bfc47-5547-4dd7-a0c4-2c52f3e123c2,no match,match,match,no match,no match
scicode,openai/claude-3-7-sonnet-20250219,55,514032c0-990d-44be-b2a7-1c9690dbac6b,match,match,no match,match,no match
scicode,openai/claude-3-7-sonnet-20250219,56,1a799e34-bbc7-4ecd-b1bb-c4ac9a9f54d3,match,match,match,no match,no match
scicode,openai/claude-3-7-sonnet-20250219,57,a721db3e-977f-4ff3-ba96-dce0819ad826,match,match,match,match,no match
scicode,openai/claude-3-7-sonnet-20250219,58,2ee39f29-87a5-4fd2-9e96-82d77af0a887,match,match,match,match,no match
scicode,openai/claude-3-7-sonnet-20250219,59,9b4175ee-3ab0-455d-9546-6841032e314c,match,match,match,match,no match
scicode,openai/claude-3-7-sonnet-20250219,60,0a706f2d-17af-464c-96c5-baa55f94e3cd,match,match,match,match,no match
scicode,openai/claude-3-7-sonnet-20250219,61,df2f2447-5ec7-4868-a537-1cd44c679bed,match,match,match,no match,no match
scicode,openai/claude-3-7-sonnet-20250219,62,d142abe2-4035-4580-ab9a-fb14965b9921,no match,match,match,match,no match
scicode,openai/claude-3-7-sonnet-20250219,63,8a78f219-1824-427d-8c49-98dc9dcb194c,match,match,match,match,no match
scicode,openai/claude-3-7-sonnet-20250219,64,1df49e25-61e6-4863-b12e-30c49832e75f,no match,match,match,match,no match
scicode,openai/claude-3-7-sonnet-20250219,65,b6e0e13f-03d8-4047-a555-c42df67ef3c4,match,match,match,match,no match
scicode,openai/claude-3-7-sonnet-20250219,66,758b7721-b74d-4a09-b00e-e05180962189,match,match,match,match,no match
scicode,openai/claude-3-7-sonnet-20250219,67,f8349dee-2f47-450f-8dc3-7a044e0f5ef0,match,match,match,match,no match
scicode,openai/claude-3-7-sonnet-20250219,68,e9d65db8-e421-4d97-ad30-8b5dcfa726b4,match,match,match,match,no match
scicode,openai/claude-3-7-sonnet-20250219,72,d5b64386-1583-412e-a94f-c06648a0d232,no match,match,match,match,no match
scicode,openai/claude-3-7-sonnet-20250219,74,23db50e6-9731-4af4-8cfa-58b5c8bd3447,match,match,match,match,no match
scicode,openai/claude-3-7-sonnet-20250219,75,9b10e049-a766-47ea-b27f-869db0848282,match,match,match,no match,no match
scicode,openai/claude-3-7-sonnet-20250219,76,81620070-f7f8-4e4d-9bb2-7a723276e8c0,match,no match,match,no match,no match
scicode,openai/claude-3-7-sonnet-20250219,79,1afe34b0-0eb3-4ac0-8a0e-4d4db70c8c03,no match,match,match,no match,no match
scicode,openai/claude-3-7-sonnet-20250219,80,96f57709-8bba-4ebe-8079-1cb63297c71c,match,match,match,match,no match
scicode,openai/claude-3-7-sonnet-20250219_high,2,d47e480a-e1e6-4865-81a2-061a48f0acf8,,match,no match,match,no match
scicode,openai/claude-3-7-sonnet-20250219_high,5,d0bc5283-24c4-4a8e-9eba-f8a79e6e54d5,match,match,no match,no match,no match
scicode,openai/claude-3-7-sonnet-20250219_high,8,cecdb303-c177-4a26-9d48-001dc12d7032,match,match,match,no match,no match
scicode,openai/claude-3-7-sonnet-20250219_high,9,3b17534b-c565-4bca-8ec0-6dbe4b90b852,no match,match,match,no match,no match
scicode,openai/claude-3-7-sonnet-20250219_high,14,1a09d74b-843c-4030-a800-64c4fffac10b,no match,match,no match,no match,no match
scicode,openai/claude-3-7-sonnet-20250219_high,15,9ebb1c86-9296-47ec-9386-8d4897ae28ba,match,match,match,match,no match
scicode,openai/claude-3-7-sonnet-20250219_high,16,20b4c912-8c24-46d0-a163-122afe4a8ecb,match,match,match,no match,no match
scicode,openai/claude-3-7-sonnet-20250219_high,17,9e02e9c3-61b2-4efd-9800-74c322c186f2,no match,no match,match,no match,no match
scicode,openai/claude-3-7-sonnet-20250219_high,18,4465c8f1-2691-453d-8286-b2679cb65d94,no match,match,no match,match,no match
scicode,openai/claude-3-7-sonnet-20250219_high,20,4418afec-726f-495b-8384-2cdfdd0e8858,no match,match,match,match,no match
scicode,openai/claude-3-7-sonnet-20250219_high,21,dfc7f565-1e53-422f-b4fe-c1950d0b2252,match,match,match,match,no match
scicode,openai/claude-3-7-sonnet-20250219_high,22,1f84d51c-48f4-4f05-a94e-ea00199b8cb1,match,match,no match,no match,no match
scicode,openai/claude-3-7-sonnet-20250219_high,23,b0de1ad1-5f3f-43cc-96bf-2d1cc6efac54,match,match,match,no match,no match
scicode,openai/claude-3-7-sonnet-20250219_high,24,8b2c40dc-4b49-4173-a42b-57d22f7eec31,match,match,match,no match,no match
scicode,openai/claude-3-7-sonnet-20250219_high,25,3e399367-9764-4fc0-a83f-fc998662d617,match,match,match,no match,no match
scicode,openai/claude-3-7-sonnet-20250219_high,26,58efba24-198d-474d-8ae3-e21ce950b575,match,match,match,no match,no match
scicode,openai/claude-3-7-sonnet-20250219_high,27,c99750eb-391c-4416-af0e-37e1d88c3249,match,match,match,match,no match
scicode,openai/claude-3-7-sonnet-20250219_high,28,7c0f1d9e-27dd-46cc-ab70-b1e9395896dc,match,match,,match,no match
scicode,openai/claude-3-7-sonnet-20250219_high,30,f8c7bc8f-c28c-4fef-a09a-73d3f75509a6,match,match,match,no match,no match
scicode,openai/claude-3-7-sonnet-20250219_high,31,2223fd62-676e-46af-867e-6f19d7f5df10,match,match,match,match,no match
scicode,openai/claude-3-7-sonnet-20250219_high,32,4079e8e7-3d11-4446-b4fc-61005291c1da,match,match,match,no match,no match
scicode,openai/claude-3-7-sonnet-20250219_high,33,d03001bc-aa09-41ee-9ae6-19208f7f3f51,match,match,no match,no match,no match
scicode,openai/claude-3-7-sonnet-20250219_high,34,bf7bc6ba-5e9a-4f06-be13-5ce149d00de6,match,match,match,no match,no match
scicode,openai/claude-3-7-sonnet-20250219_high,35,9d7383f6-e278-4fb9-aeb2-3620cc1b13b7,match,match,match,match,no match
scicode,openai/claude-3-7-sonnet-20250219_high,36,9394d4f7-e96e-4ee6-bdeb-256c53cf5a97,match,match,match,no match,no match
scicode,openai/claude-3-7-sonnet-20250219_high,37,dc7a0176-1af9-4df4-a6a8-c799d9bdd7c8,match,match,match,no match,no match
scicode,openai/claude-3-7-sonnet-20250219_high,39,a7ffd49c-77f9-4264-a0c1-289da811e46c,no match,match,match,no match,no match
scicode,openai/claude-3-7-sonnet-20250219_high,40,0a94cc23-fbe4-44d3-9be2-edde361325de,match,match,match,no match,no match
scicode,openai/claude-3-7-sonnet-20250219_high,41,ee2cdca7-9725-4bb8-b480-53249ba6f660,match,match,match,no match,no match
scicode,openai/claude-3-7-sonnet-20250219_high,42,27789595-d78a-4a03-9e5e-4ad465d7294a,match,match,match,no match,no match
scicode,openai/claude-3-7-sonnet-20250219_high,43,1380982b-c022-4357-a5a9-3e225649183d,no match,match,match,match,no match
scicode,openai/claude-3-7-sonnet-20250219_high,45,406d946a-89d3-499b-a574-982ae28c2615,no match,match,match,no match,no match
scicode,openai/claude-3-7-sonnet-20250219_high,46,1528c3c3-9859-4b13-87c8-e9ec94a06781,match,match,match,no match,no match
scicode,openai/claude-3-7-sonnet-20250219_high,48,8cbaa622-f4a0-4743-b120-1423291f36e4,no match,match,no match,no match,no match
scicode,openai/claude-3-7-sonnet-20250219_high,50,ce2a0201-1e90-4703-9e55-52eb7cd5a6af,match,match,match,no match,no match
scicode,openai/claude-3-7-sonnet-20250219_high,52,9dea15eb-68ab-4b36-8c8f-b4a7375fc3de,match,match,match,no match,no match
scicode,openai/claude-3-7-sonnet-20250219_high,53,80875dce-692f-4230-9ffa-03e039d0a739,match,match,match,no match,no match
scicode,openai/claude-3-7-sonnet-20250219_high,54,c0ad0edb-1623-4998-b9e9-53dbb741be96,no match,no match,match,no match,no match
scicode,openai/claude-3-7-sonnet-20250219_high,55,3fa0676b-2ff4-45c6-be27-9700f103f6ab,match,match,no match,no match,no match
scicode,openai/claude-3-7-sonnet-20250219_high,56,3dc3049e-a034-4014-bd1e-7fa43a28c248,no match,match,match,no match,no match
scicode,openai/claude-3-7-sonnet-20250219_high,57,f29ef50d-25f3-4721-bc9f-1d8f46624cd7,match,match,match,no match,no match
scicode,openai/claude-3-7-sonnet-20250219_high,58,d9ccdaa7-b649-4518-8995-834bee600aa3,match,match,match,no match,no match
scicode,openai/claude-3-7-sonnet-20250219_high,59,c0f6730b-279c-411d-a6dd-ef3d99bb9ae7,match,match,match,match,no match
scicode,openai/claude-3-7-sonnet-20250219_high,60,12e5b08e-70b7-478f-a037-432898093360,match,match,match,no match,no match
scicode,openai/claude-3-7-sonnet-20250219_high,61,d5b73b44-dcb5-4c77-ae5e-25e3452bd9ce,match,match,match,no match,no match
scicode,openai/claude-3-7-sonnet-20250219_high,62,2eeb9269-858e-45f3-bed4-0d6e47390de9,match,match,match,no match,no match
scicode,openai/claude-3-7-sonnet-20250219_high,63,23dd18e3-5342-4813-a238-2cdc1f2ce8d9,no match,match,match,match,no match
scicode,openai/claude-3-7-sonnet-20250219_high,64,f35d02bd-7a17-486a-9eda-41dc372150b7,match,match,match,match,no match
scicode,openai/claude-3-7-sonnet-20250219_high,65,3ce01b6e-0e05-4827-be71-a2ecc522d40d,match,match,match,no match,no match
scicode,openai/claude-3-7-sonnet-20250219_high,66,07d4aed4-5bb0-45bb-8b95-c22930838ada,match,match,match,no match,no match
scicode,openai/claude-3-7-sonnet-20250219_high,67,9514bd43-9961-403b-a322-7f9ffcc2305e,match,match,match,match,no match
scicode,openai/claude-3-7-sonnet-20250219_high,68,c22d3bf6-856a-4556-8fe7-2b9c8caab572,match,match,match,no match,no match
scicode,openai/claude-3-7-sonnet-20250219_high,72,35fbd3be-d72f-4e46-8e2f-87ae28c587a7,match,match,match,match,no match
scicode,openai/claude-3-7-sonnet-20250219_high,74,3db1b333-7bf6-4359-a757-95c72042a8aa,match,match,match,no match,no match
scicode,openai/claude-3-7-sonnet-20250219_high,75,69108dc9-61ee-4d96-a611-bd70e68d0696,no match,match,match,no match,no match
scicode,openai/claude-3-7-sonnet-20250219_high,76,f6417ead-ec67-44b6-97da-4397b8315827,match,match,match,no match,no match
scicode,openai/claude-3-7-sonnet-20250219_high,79,71334864-9e82-4152-92f3-0d689eb1deb2,no match,match,match,no match,no match
scicode,openai/claude-3-7-sonnet-20250219_high,80,03c39ec3-3254-49e8-9075-14fc970e0062,match,match,match,no match,no match
scicode,openai/deepseek-ai/DeepSeek-R1,2,9a5dae58-4c4d-45c3-88d8-570a8cfdbf0b,no match,,no match,,match
scicode,openai/deepseek-ai/DeepSeek-R1,5,267582b0-e5b8-4b31-b8bd-fae810476dba,match,match,no match,no match,match
scicode,openai/deepseek-ai/DeepSeek-R1,8,07f377cf-cca1-4f0c-a752-911593d79edb,match,match,,no match,no match
scicode,openai/deepseek-ai/DeepSeek-R1,9,6ab790fa-8fca-4823-87ad-3d436a4484a5,match,match,match,,no match
scicode,openai/deepseek-ai/DeepSeek-R1,14,7545f83e-bbdc-4fab-a0c7-267abd3c8ea3,match,match,match,no match,no match
scicode,openai/deepseek-ai/DeepSeek-R1,15,83659305-bc7a-4ced-a673-61a44b34afca,match,match,,,match
scicode,openai/deepseek-ai/DeepSeek-R1,16,99e7e0ca-fc76-4fe2-aa41-75a9c7f1c404,match,match,match,no match,match
scicode,openai/deepseek-ai/DeepSeek-R1,17,1cc297d2-a07f-44d3-be42-760dc22ae577,no match,match,,no match,
scicode,openai/deepseek-ai/DeepSeek-R1,18,512c18af-2a0f-44b8-bede-bb515624b7c4,match,match,no match,no match,match
scicode,openai/deepseek-ai/DeepSeek-R1,20,0ab76464-22c3-4d7d-a792-0476a0565a51,no match,match,no match,,
scicode,openai/deepseek-ai/DeepSeek-R1,21,72e221c4-e6b9-402f-b0af-579840990af7,,match,,no match,match
scicode,openai/deepseek-ai/DeepSeek-R1,22,d08121f6-3de2-499a-ad1a-101d2f1cdbc3,no match,match,no match,no match,match
scicode,openai/deepseek-ai/DeepSeek-R1,23,23d7bf26-0ae7-493e-bb4c-379ca870383b,,match,no match,match,match
scicode,openai/deepseek-ai/DeepSeek-R1,24,6fee150d-74e3-4139-a098-410e07936bbd,match,match,match,no match,no match
scicode,openai/deepseek-ai/DeepSeek-R1,25,3b2d3fa6-5300-4c5d-aac9-363c658a5c18,match,match,match,match,no match
scicode,openai/deepseek-ai/DeepSeek-R1,26,5984524c-a15f-4c93-9c87-a8ff974956f9,no match,match,no match,no match,match
scicode,openai/deepseek-ai/DeepSeek-R1,27,8b61ee6d-9898-4cc9-a240-a24f40c7e4dc,match,match,match,no match,no match
scicode,openai/deepseek-ai/DeepSeek-R1,28,f90c8aa3-946e-4479-9c1f-8714500d928e,no match,,,no match,match
scicode,openai/deepseek-ai/DeepSeek-R1,30,72461319-c0ca-4017-b64c-5112cfbfb1d8,match,match,no match,no match,match
scicode,openai/deepseek-ai/DeepSeek-R1,31,5c7a7a8e-1c9c-4ab1-88c2-9519069dd126,no match,match,match,no match,no match
scicode,openai/deepseek-ai/DeepSeek-R1,32,8cce65ce-46e0-4799-a66e-582585464a40,no match,match,no match,match,no match
scicode,openai/deepseek-ai/DeepSeek-R1,33,f33939bc-c327-4559-85b1-64b8b0abe376,no match,match,no match,no match,match
scicode,openai/deepseek-ai/DeepSeek-R1,34,b990dc28-13c4-46c8-8cd6-de6c9968098c,no match,match,no match,no match,match
scicode,openai/deepseek-ai/DeepSeek-R1,35,edf166b2-f02e-479b-b9a9-6b35a81786b2,no match,match,match,no match,no match
scicode,openai/deepseek-ai/DeepSeek-R1,36,653d1758-4cb4-4fa9-b6ae-70dc027c2adc,match,match,no match,match,match
scicode,openai/deepseek-ai/DeepSeek-R1,37,1d51eed9-72eb-4a18-a874-85d166c6b361,no match,match,no match,no match,match
scicode,openai/deepseek-ai/DeepSeek-R1,39,e81e62cb-ef20-4f13-87d3-42f766325772,match,match,match,no match,match
scicode,openai/deepseek-ai/DeepSeek-R1,40,1f4c0722-9d72-4b53-a200-65ec5e72afbd,no match,match,match,,match
scicode,openai/deepseek-ai/DeepSeek-R1,41,0bb21432-e86a-4251-8ae1-06de7904f80e,no match,match,no match,no match,match
scicode,openai/deepseek-ai/DeepSeek-R1,42,81008237-3e44-46b6-95a9-878b3342c06f,match,match,match,match,no match
scicode,openai/deepseek-ai/DeepSeek-R1,43,894e2867-43f7-4016-a263-932642d0a637,no match,match,match,no match,match
scicode,openai/deepseek-ai/DeepSeek-R1,45,0529dbe8-07bd-44a8-86bc-c0e885c26a89,no match,match,match,match,match
scicode,openai/deepseek-ai/DeepSeek-R1,46,aba36971-8513-4347-92d2-e3816e6740b2,match,no match,match,no match,no match
scicode,openai/deepseek-ai/DeepSeek-R1,48,8c36f024-812d-469d-8307-778c73f7e5e1,no match,match,no match,no match,no match
scicode,openai/deepseek-ai/DeepSeek-R1,50,f29e8013-d652-49f0-93a8-b07e93a09977,match,match,no match,no match,no match
scicode,openai/deepseek-ai/DeepSeek-R1,52,08354f26-7972-40f6-bec1-bcc0f19bec7c,match,no match,no match,no match,no match
scicode,openai/deepseek-ai/DeepSeek-R1,53,4ba9273d-4bde-4eee-a7ec-61be801f8141,match,match,match,no match,match
scicode,openai/deepseek-ai/DeepSeek-R1,54,568d594f-8595-461f-95a7-0cfcd0d6037e,no match,match,no match,no match,match
scicode,openai/deepseek-ai/DeepSeek-R1,55,1d2e7906-f4b9-4a2d-b785-a955ec587e43,match,match,no match,no match,no match
scicode,openai/deepseek-ai/DeepSeek-R1,56,c1038fe7-f763-4d89-b73e-44fd52552a43,no match,match,no match,no match,match
scicode,openai/deepseek-ai/DeepSeek-R1,57,a67b54c2-ca00-4055-a3e0-1c0059f2ced5,no match,match,no match,match,match
scicode,openai/deepseek-ai/DeepSeek-R1,59,ab243cf7-4791-4d51-8717-3104108a7561,match,match,match,match,match
scicode,openai/deepseek-ai/DeepSeek-R1,60,a8eb85a2-4bf1-45c0-a1df-94831ef544f9,no match,match,match,no match,match
scicode,openai/deepseek-ai/DeepSeek-R1,74,4be153eb-d087-4f0d-b90b-a190f26e79dc,,match,,no match,match
scicode,openai/deepseek-ai/DeepSeek-R1,75,6506be85-5e00-4bc6-8317-b7fc4b2cb7b2,no match,match,no match,match,match
scicode,openai/deepseek-ai/DeepSeek-R1,76,95852535-4a16-4c8b-8aad-8657448b1842,no match,match,no match,no match,match
scicode,openai/deepseek-ai/DeepSeek-R1,79,a0f6eef6-8d09-4d45-b6e8-f067121e7fe4,match,match,no match,no match,no match
scicode,openai/deepseek-ai/DeepSeek-V3,2,4f817401-f246-4261-8df3-1219276dd961,match,match,no match,match,match
scicode,openai/deepseek-ai/DeepSeek-V3,5,902eaec2-58b9-41e5-9119-38f98f3d10f9,match,match,match,no match,no match
scicode,openai/deepseek-ai/DeepSeek-V3,8,b7c448ee-0e7c-41ec-8ddb-f45ceef601f6,match,match,match,match,match
scicode,openai/deepseek-ai/DeepSeek-V3,9,e27664be-e08d-4ced-87f8-752909bfa373,match,match,match,no match,no match
scicode,openai/deepseek-ai/DeepSeek-V3,14,62d66e57-d5b3-4d25-8388-9eef8ec46852,match,match,,,match
scicode,openai/deepseek-ai/DeepSeek-V3,15,d3eecbd4-a24e-4f07-8e31-ebd7492a842e,match,match,no match,match,no match
scicode,openai/deepseek-ai/DeepSeek-V3,16,f698d050-e3bc-48a9-9deb-648071b570e8,match,match,match,match,no match
scicode,openai/deepseek-ai/DeepSeek-V3,17,27700d28-74ec-49e0-9b90-4490a951b3fb,no match,match,match,no match,match
scicode,openai/deepseek-ai/DeepSeek-V3,18,828cded5-dff4-467d-b77f-58a2fbc62a79,match,match,match,no match,no match
scicode,openai/deepseek-ai/DeepSeek-V3,20,b7f03882-864e-48ac-94d9-e2498238dffd,match,match,match,no match,match
scicode,openai/deepseek-ai/DeepSeek-V3,21,b0cf9250-85f1-48b3-b3ee-555a6ad1ff8c,,match,match,no match,no match
scicode,openai/deepseek-ai/DeepSeek-V3,22,5dfaf4f5-78cb-4ba2-a63c-c6af2f53ef04,match,match,,match,
scicode,openai/deepseek-ai/DeepSeek-V3,23,b94b3a18-5fd5-4f1b-a98d-dbc2d74cf2ab,match,match,match,no match,no match
scicode,openai/deepseek-ai/DeepSeek-V3,24,a02ef27e-d001-4dc4-ab4c-246a2af2f764,no match,match,match,no match,match
scicode,openai/deepseek-ai/DeepSeek-V3,25,69151f7f-e6eb-4239-82b5-942c87f910e0,match,match,match,match,match
scicode,openai/deepseek-ai/DeepSeek-V3,26,3917b65a-7204-444c-9bc7-685cc2899b84,match,match,match,,no match
scicode,openai/deepseek-ai/DeepSeek-V3,27,7bbfcf8d-d8a9-4614-9cfc-d04f36c342d0,match,match,match,no match,match
scicode,openai/deepseek-ai/DeepSeek-V3,28,e38af3e5-2345-491c-bee3-87058a1586f5,match,match,no match,match,match
scicode,openai/deepseek-ai/DeepSeek-V3,30,f5e7ebae-8e90-4050-be7a-50da57055fbf,match,match,no match,no match,match
scicode,openai/deepseek-ai/DeepSeek-V3,31,1f668d60-deb5-4964-9301-72da356829c8,no match,match,match,match,no match
scicode,openai/deepseek-ai/DeepSeek-V3,32,8cdeae33-e8a0-44b3-8f10-2edf0a9598cb,match,match,match,no match,no match
scicode,openai/deepseek-ai/DeepSeek-V3,33,d0280024-44a6-4422-a930-51c4c324ece0,match,match,no match,match,match
scicode,openai/deepseek-ai/DeepSeek-V3,34,47168d58-2997-4e8e-ae92-faaf2dc985c2,match,match,match,no match,match
scicode,openai/deepseek-ai/DeepSeek-V3,35,16db15d8-bcb4-4575-bbd9-856963e5bdb4,match,match,match,match,no match
scicode,openai/deepseek-ai/DeepSeek-V3,36,10626d5e-ba35-48cb-8356-873d5f4bdbcc,match,match,match,match,no match
scicode,openai/deepseek-ai/DeepSeek-V3,37,fd73bc17-d9ba-428f-b343-70414006675d,match,match,match,match,match
scicode,openai/deepseek-ai/DeepSeek-V3,39,a1eeb828-f351-4f43-8b34-2ff60465609f,match,match,match,no match,no match
scicode,openai/deepseek-ai/DeepSeek-V3,40,e26e405a-79c0-4140-b309-8f852a852a28,match,no match,match,no match,no match
scicode,openai/deepseek-ai/DeepSeek-V3,41,2f97bee9-9097-4bcd-b5fb-68fe7c6e24f7,match,match,match,no match,no match
scicode,openai/deepseek-ai/DeepSeek-V3,42,4b1308d4-9771-43a9-8c6b-2fb28a4ebddf,match,match,match,no match,no match
scicode,openai/deepseek-ai/DeepSeek-V3,43,6b1d3dee-4b9e-4ac7-af26-6c23aa2c9809,match,,match,match,no match
scicode,openai/deepseek-ai/DeepSeek-V3,45,4e2d877b-336c-42fb-915d-3fb4088d9b5f,match,match,match,no match,no match
scicode,openai/deepseek-ai/DeepSeek-V3,46,40d62cd8-b4da-49fb-898e-4b0b9e27da22,match,match,,,no match
scicode,openai/deepseek-ai/DeepSeek-V3,48,dfd82acb-46ec-4eef-acb7-3877b5a65fca,match,match,match,match,no match
scicode,openai/deepseek-ai/DeepSeek-V3,50,9417d1ff-c930-4baf-9730-93de1c4b9561,match,match,match,match,no match
scicode,openai/deepseek-ai/DeepSeek-V3,52,e957aca8-c544-432e-814f-d2257781a09a,match,match,match,match,no match
scicode,openai/deepseek-ai/DeepSeek-V3,53,db13cd72-89b5-4bcf-bfdb-708c639c862c,match,match,match,no match,no match
scicode,openai/deepseek-ai/DeepSeek-V3,54,3b34340a-e6c1-442c-a022-f687db206849,match,match,match,match,no match
scicode,openai/deepseek-ai/DeepSeek-V3,55,b7af2f82-3689-43b0-970f-9afda447451b,match,match,no match,match,no match
scicode,openai/deepseek-ai/DeepSeek-V3,56,14db1cfc-11ce-4d03-8376-f041df02ef6a,no match,match,no match,match,no match
scicode,openai/deepseek-ai/DeepSeek-V3,57,8a73ec70-209f-4747-8345-7569f89f278d,match,match,match,match,match
scicode,openai/deepseek-ai/DeepSeek-V3,58,220f4578-137d-471c-9174-66f7c3c2e0b9,match,match,match,no match,match
scicode,openai/deepseek-ai/DeepSeek-V3,59,78e601f2-bbf1-4134-91cd-96fbf2d075c2,match,match,match,match,no match
scicode,openai/deepseek-ai/DeepSeek-V3,60,d13754f9-5bc5-4a29-b0fd-2aeabb725801,match,match,match,match,no match
scicode,openai/deepseek-ai/DeepSeek-V3,61,79e35aea-4f47-4f89-a096-0ac8f39f66a4,match,match,match,no match,no match
scicode,openai/deepseek-ai/DeepSeek-V3,62,4c4acb0a-46b5-4480-a887-49a6ca9a9457,match,match,match,match,no match
scicode,openai/deepseek-ai/DeepSeek-V3,63,3ed73f7d-ab54-411f-9c8b-0f7f05f578cd,match,match,match,match,match
scicode,openai/deepseek-ai/DeepSeek-V3,64,21161ce7-3066-4d4f-86f2-9acf3aef3743,match,match,match,no match,match
scicode,openai/deepseek-ai/DeepSeek-V3,65,2a47f2c0-88c5-4640-9592-92472d3b34c3,match,match,match,match,match
scicode,openai/deepseek-ai/DeepSeek-V3,66,8b6eb877-387d-4c91-a557-bb5dce77b9d7,match,match,match,no match,no match
scicode,openai/deepseek-ai/DeepSeek-V3,67,fdb45229-ac4e-4121-b152-2ebd3e6617ab,match,match,match,match,match
scicode,openai/deepseek-ai/DeepSeek-V3,68,28f5269a-b815-4e88-96e5-4ffadf88c6aa,match,match,match,match,no match
scicode,openai/deepseek-ai/DeepSeek-V3,69,0c79a667-6717-47f6-9429-f20400236d03,match,match,match,match,match
scicode,openai/deepseek-ai/DeepSeek-V3,72,7dc34983-a234-4f05-9b36-bb43667a0d34,match,match,match,match,no match
scicode,openai/deepseek-ai/DeepSeek-V3,74,dfac212b-827e-4997-b327-df8c27ee6eb1,match,match,match,no match,no match
scicode,openai/deepseek-ai/DeepSeek-V3,75,d09cbf26-caa3-49d2-94d3-d5381fb980ff,match,match,match,match,no match
scicode,openai/deepseek-ai/DeepSeek-V3,76,6774af94-9903-443e-9afe-ead44440d2ba,match,match,match,no match,no match
scicode,openai/deepseek-ai/DeepSeek-V3,79,9465d485-3310-4cc5-837c-a09cad3cbea8,no match,match,match,,
scicode,openai/deepseek-ai/DeepSeek-V3,80,b545bde1-31bc-4c6d-a217-f3fb1c44d12c,match,match,match,match,match
scicode,openai/gemini-2.0-flash,2,b76b5c81-6da7-4610-ae3d-6f3a8c0dd900,match,match,no match,no match,no match
scicode,openai/gemini-2.0-flash,5,d100f97d-b2ba-46d0-902e-7764c12d761f,match,match,match,no match,no match
scicode,openai/gemini-2.0-flash,8,199e0b1f-518a-475e-b2d3-a6ea74ce8ff3,match,match,no match,no match,no match
scicode,openai/gemini-2.0-flash,9,28bb65b6-f1e9-45a0-b2dc-255af0d52efa,no match,match,no match,match,no match
scicode,openai/gemini-2.0-flash,11,99dc75ba-1fe8-4c67-aeb2-c5c4d2fa085b,no match,match,match,match,no match
scicode,openai/gemini-2.0-flash,14,dc1da0dd-cf17-41d6-aa0c-3cc064784607,match,match,,no match,no match
scicode,openai/gemini-2.0-flash,15,f6facca2-1527-4c95-9b1e-bc3ed85389da,no match,match,match,match,no match
scicode,openai/gemini-2.0-flash,16,bfbba24d-a41b-4050-9209-37429aed7ea5,match,match,no match,match,no match
scicode,openai/gemini-2.0-flash,17,a79ff515-19b5-4aa7-9b2c-bf3a6ede7db0,no match,match,no match,no match,no match
scicode,openai/gemini-2.0-flash,18,6cf96abd-2939-494b-84cf-29b232e11a25,no match,match,match,no match,no match
scicode,openai/gemini-2.0-flash,20,2e038bd6-a271-4f6d-908b-50e4d536ff54,match,match,match,no match,no match
scicode,openai/gemini-2.0-flash,21,f16cf14c-0778-4147-875b-01d8dd80ff66,no match,match,match,no match,no match
scicode,openai/gemini-2.0-flash,22,947edb3b-7b0e-4008-8ab2-a389f6a23bfe,match,match,no match,match,no match
scicode,openai/gemini-2.0-flash,23,3d7b0eaf-c7cf-400f-848c-bd43d24dbb16,match,match,match,match,no match
scicode,openai/gemini-2.0-flash,24,3011a164-47ee-4088-9b6e-93b045d38289,no match,match,match,no match,no match
scicode,openai/gemini-2.0-flash,25,416208b2-70fe-4731-9636-80f14ea3007f,match,match,match,match,no match
scicode,openai/gemini-2.0-flash,26,e3c030d1-0087-47cd-b665-86d6b6d57dde,match,match,,no match,no match
scicode,openai/gemini-2.0-flash,27,b57b70fd-d1d9-4110-b309-ade18d86708e,match,match,match,match,no match
scicode,openai/gemini-2.0-flash,28,4f4b8976-cd30-4d59-b508-ebd1a390713d,match,match,no match,match,no match
scicode,openai/gemini-2.0-flash,30,bdda1076-ca36-4e39-86d3-3e7f2fc2ac4a,match,match,match,no match,no match
scicode,openai/gemini-2.0-flash,31,c4131172-b7c4-4ca4-83b2-bfb753b36cba,match,match,no match,match,no match
scicode,openai/gemini-2.0-flash,32,8c8d6a43-caa0-447e-b924-748c058b83c3,match,match,no match,match,no match
scicode,openai/gemini-2.0-flash,33,4a845b82-622b-4911-8d37-23136f22982d,no match,match,no match,match,no match
scicode,openai/gemini-2.0-flash,34,6863b2af-1d34-4358-933d-f9b7dd33760d,match,match,match,match,no match
scicode,openai/gemini-2.0-flash,35,c007ea77-f6f0-4fa9-9c9d-1a5f60a597a2,match,match,no match,match,no match
scicode,openai/gemini-2.0-flash,36,33720d5e-5979-434e-bce6-cc011387d69e,no match,match,match,match,no match
scicode,openai/gemini-2.0-flash,37,5a79749b-cb51-40ee-a9e7-23a1402b9d98,no match,match,match,no match,no match
scicode,openai/gemini-2.0-flash,39,2d87fcb9-2d2d-4984-8409-cb47543fe39f,no match,match,match,no match,no match
scicode,openai/gemini-2.0-flash,40,27cf6181-5994-46c3-a44c-6c36935b78f0,match,match,match,no match,no match
scicode,openai/gemini-2.0-flash,41,a2bd69a4-84f5-4717-8dda-9065c76f9d64,no match,match,no match,no match,no match
scicode,openai/gemini-2.0-flash,42,7c0aec95-4580-4586-9557-31dbf0a7ea4e,match,match,match,match,no match
scicode,openai/gemini-2.0-flash,43,1fa44868-9264-49aa-8498-b185273a4730,match,match,match,match,no match
scicode,openai/gemini-2.0-flash,45,e8f4d0ea-7c35-465b-8d57-8046a5e21dbb,match,match,match,,no match
scicode,openai/gemini-2.0-flash,46,fce4706d-ed3f-461b-ba25-2f6ed34b2cc9,match,match,match,match,no match
scicode,openai/gemini-2.0-flash,48,951b218a-280b-47c1-9138-b87d7b9034ff,match,match,match,match,no match
scicode,openai/gemini-2.0-flash,50,0b68985a-eea1-493e-bf1b-1b8ecc157976,no match,match,match,match,no match
scicode,openai/gemini-2.0-flash,52,32fab972-5852-44bc-84b1-6a106f7a772c,no match,match,match,match,no match
scicode,openai/gemini-2.0-flash,53,5c3bfd2b-27ae-4c28-b846-c87c03ecaa05,match,match,match,match,no match
scicode,openai/gemini-2.0-flash,54,78eaaa62-e291-4bed-be88-3227ed4c3129,match,match,match,match,no match
scicode,openai/gemini-2.0-flash,55,0736834c-bbe5-422c-a4f4-73c9b2ca7cf3,no match,match,no match,match,no match
scicode,openai/gemini-2.0-flash,56,5fb83d27-fa51-4cb3-aef5-866eefd6fa79,match,match,match,match,no match
scicode,openai/gemini-2.0-flash,57,f2839387-3b03-47df-9fd9-4e0fd6c8bdf6,match,match,match,match,no match
scicode,openai/gemini-2.0-flash,58,0c457c29-c688-4d62-a1b5-6cbad9620c00,match,match,match,match,no match
scicode,openai/gemini-2.0-flash,59,1d59b6e8-e5ed-4cc4-88ed-25a38190cc01,match,match,match,match,no match
scicode,openai/gemini-2.0-flash,60,4f12957c-5ea4-44a9-961c-e60f795661a6,match,match,no match,match,no match
scicode,openai/gemini-2.0-flash,61,16699ea3-e040-47cb-9eee-678b03e1a182,match,match,match,match,no match
scicode,openai/gemini-2.0-flash,62,2e7967be-14d7-4a0d-91aa-0e3249c570c0,,match,match,match,no match
scicode,openai/gemini-2.0-flash,63,1d1476c1-de4f-4310-8371-de2c19fdbf3f,match,match,match,match,no match
scicode,openai/gemini-2.0-flash,64,e96d20ba-f703-452c-b7e1-727ac54841af,match,match,match,no match,no match
scicode,openai/gemini-2.0-flash,65,5602cabc-cf2f-4325-891e-efe1e199ce9f,match,match,match,match,no match
scicode,openai/gemini-2.0-flash,66,1183565a-e788-4ec6-9a38-4fcbeaf28a25,match,match,match,match,match
scicode,openai/gemini-2.0-flash,67,6c2e1c1c-7b09-413a-9037-a45ff5dc1c63,match,match,match,match,no match
scicode,openai/gemini-2.0-flash,68,08ba98e3-8bd5-4a28-9669-db88d1d188f8,match,match,match,match,no match
scicode,openai/gemini-2.0-flash,69,6f0623f4-a0d2-4943-afbb-b4fd8d57b96b,match,match,match,match,no match
scicode,openai/gemini-2.0-flash,71,4df380ec-3d20-4e7d-b4cb-11cb14027814,no match,match,match,match,no match
scicode,openai/gemini-2.0-flash,72,4b3e58ea-de2b-4101-8e8b-59d536910ab9,match,match,match,match,no match
scicode,openai/gemini-2.0-flash,74,6dafab0f-47bc-473f-9501-f15cfe267811,no match,match,no match,match,no match
scicode,openai/gemini-2.0-flash,75,3ee5f256-70fc-4b7d-8697-d88717386463,match,match,match,match,no match
scicode,openai/gemini-2.0-flash,76,6d7b464f-33ce-46bb-849a-b2bbdf29882d,match,match,match,no match,no match
scicode,openai/gemini-2.0-flash,77,1a752d80-aec1-4405-88f9-7b7c1c1eab2d,match,match,match,match,no match
scicode,openai/gemini-2.0-flash,79,ce6a4a4d-ec36-4f4d-a41c-25c305bb18c2,match,match,match,no match,no match
scicode,openai/gemini-2.0-flash,80,9a5ba4b5-bea9-4cf3-8a93-c3e68342adfd,match,match,match,no match,no match
scicode,openai/gpt-5,2,f9dfe8ee-1c36-49af-9bcb-d3cb73ebda1f,match,match,no match,match,no match
scicode,openai/gpt-5,5,b89e8418-5dd3-4b70-bc26-10a8ff80474b,no match,match,no match,match,no match
scicode,openai/gpt-5,8,8079f84e-daed-4bb4-9dba-342896056197,match,match,no match,no match,no match
scicode,openai/gpt-5,9,272ac28a-4d06-4b0e-ba14-6e2b8d67b33e,no match,match,no match,match,no match
scicode,openai/gpt-5,14,5a91d63f-cf0f-478f-80e4-2668a59644ad,match,match,match,match,no match
scicode,openai/gpt-5,15,25d6c979-68f8-4001-b6c3-d778e1b7ea02,match,match,match,no match,no match
scicode,openai/gpt-5,16,39cbbd48-b325-4528-9b93-dcee7770f55d,match,match,no match,no match,no match
scicode,openai/gpt-5,17,e7e69d3b-1271-4328-987e-36376ed97f0d,match,match,match,no match,no match
scicode,openai/gpt-5,18,3937f080-7925-4374-a8ba-036c32c66e61,match,match,match,no match,no match
scicode,openai/gpt-5,20,5f2b1c5d-bfe9-417f-8437-af345976442b,match,match,match,no match,no match
scicode,openai/gpt-5,21,64275a48-427c-48df-a481-3e5861144591,no match,match,match,no match,no match
scicode,openai/gpt-5,22,2ed176a0-1c94-4aa6-9b20-4b29e6bca2b5,match,match,match,match,no match
scicode,openai/gpt-5,23,320bf624-48c2-49b2-b3cb-2587e6233927,no match,match,match,no match,no match
scicode,openai/gpt-5,24,c185cc80-4e49-480b-bef6-84a9f535ea55,match,match,match,match,no match
scicode,openai/gpt-5,25,0a751b54-e73c-481b-bd7f-349b9ca27628,match,match,match,match,no match
scicode,openai/gpt-5,26,770800f3-224f-4f4b-912e-8251a6fc6487,match,match,match,match,no match
scicode,openai/gpt-5,27,3172df3c-94a4-4fec-b558-d5e82b47fc68,match,match,match,match,no match
scicode,openai/gpt-5,28,138787b4-fad6-4f88-9486-86d2b4a20ddf,match,match,match,match,no match
scicode,openai/gpt-5,30,9e5c7252-0ec1-4696-9d83-7694d8d41db2,match,match,match,no match,no match
scicode,openai/gpt-5,31,ad23ca3d-9ad0-4993-abf6-9929acdb9faf,match,match,match,match,no match
scicode,openai/gpt-5,32,f665c0e6-d51d-4d5b-b76d-92f56d482a04,match,match,match,no match,no match
scicode,openai/gpt-5,33,e7fb164d-8669-4233-9e34-a74a5077427c,match,match,match,no match,no match
scicode,openai/gpt-5,34,0762ec07-f6a2-47da-81b0-abfd25fffa27,match,match,match,no match,no match
scicode,openai/gpt-5,35,d54e46de-f07a-4d4a-a72f-e54c37bf77c5,no match,match,no match,no match,no match
scicode,openai/gpt-5,36,63f521ae-eb7a-4b70-82ae-0ffa92e7fcc1,match,match,match,no match,no match
scicode,openai/gpt-5,37,bf9a33f8-0025-484f-ad1e-72773c4572a1,match,match,match,no match,no match
scicode,openai/gpt-5,39,6928516b-d2de-4c3b-9645-5b822a94fe60,no match,match,no match,no match,no match
scicode,openai/gpt-5,40,47ab01ab-414a-412f-b09f-3fd0c891e3f2,match,match,,no match,no match
scicode,openai/gpt-5,41,30aaa66d-8c98-4f34-90e7-f1b6b7640bac,match,match,match,match,no match
scicode,openai/gpt-5,42,26de441a-3b22-4650-9f5b-086e54d60c5e,match,match,match,no match,no match
scicode,openai/gpt-5,43,dd60774a-bcc7-496e-b256-a801cfcd54aa,match,match,match,match,no match
scicode,openai/gpt-5,45,f762f724-599c-4fa1-a3bb-50d900adc90d,match,match,match,match,no match
scicode,openai/gpt-5,46,51ffadba-8524-48f9-8fba-c8c33896783d,match,match,match,no match,no match
scicode,openai/gpt-5,48,26d291f8-016f-4484-9345-2d109808689a,match,match,match,no match,no match
scicode,openai/gpt-5,50,14950ba5-1d9e-417e-b534-5d179c788a08,match,match,match,no match,no match
scicode,openai/gpt-5,52,925f5b2a-5698-40c8-ae4e-8e2bfb61544e,match,match,match,match,no match
scicode,openai/gpt-5,53,1d4abb08-f3a3-4d8e-929f-c05aac0cfdc2,match,match,match,match,no match
scicode,openai/gpt-5,54,f22049b5-bd06-4506-8743-db79ce23be7a,no match,match,match,no match,no match
scicode,openai/gpt-5,55,3760d971-f0db-46e5-b3da-e0d0c45c8e5b,,match,,no match,no match
scicode,openai/gpt-5,56,85daf6aa-2033-4358-b895-28cc55c579b2,match,match,match,no match,no match
scicode,openai/gpt-5,57,920f8b4f-b3d1-4df9-b6b9-227071cf294f,,match,,match,no match
scicode,openai/gpt-5,58,6b0360a3-2a64-4a05-93fe-3d1ff7dbb8b6,match,match,match,no match,no match
scicode,openai/gpt-5,59,b8d58a48-c300-419e-ae0c-9f39ee8bf4e3,match,match,match,match,no match
scicode,openai/gpt-5,60,05714f8c-e78f-48fb-9083-c4e81002aeff,match,match,match,no match,no match
scicode,openai/gpt-5,61,ed16dbae-424a-41d0-9927-5214206855d7,match,match,match,match,no match
scicode,openai/gpt-5,62,61c5fc3a-241b-4cf8-a3e0-4d95bdac1aae,match,match,match,no match,no match
scicode,openai/gpt-5,63,8f65651f-0534-4993-822e-c6107cfb4d98,match,match,match,match,no match
scicode,openai/gpt-5,64,98f758a4-ccf2-4119-99d3-5cd31bc2dcac,match,match,match,no match,no match
scicode,openai/gpt-5,65,9d0ae568-69e7-4ec9-9b6b-9e855c9e028a,match,match,match,no match,no match
scicode,openai/gpt-5,66,3dd37e30-9b4d-4d55-946e-91038530c581,match,match,match,match,match
scicode,openai/gpt-5,67,1901b118-1255-4440-9e9b-2138b74e1299,no match,match,match,no match,no match
scicode,openai/gpt-5,68,6f3bfa7d-6a45-4cb8-8692-38838327a21a,no match,match,match,no match,no match
scicode,openai/gpt-5,72,f558eac2-e588-4755-9d84-7827d7736a23,match,match,match,match,no match
scicode,openai/gpt-5,74,3b266a12-f5cf-4a24-9344-57c5d3f3e88c,match,match,match,no match,no match
scicode,openai/gpt-5,75,8e7c8e01-0a4a-4d83-9aa4-fea39343ac0a,match,match,,no match,no match
scicode,openai/gpt-5,76,d6231691-e6a3-4dbb-ad94-f9a85ad1d3f8,match,match,match,no match,no match
scicode,openai/gpt-5,79,6d682523-c996-4d0a-a567-27ae99af4578,match,match,match,no match,no match
scicode,openai/o3-2025-04-16,2,2c73da8e-47ed-4007-9d40-74132073df24,match,match,no match,match,no match
scicode,openai/o3-2025-04-16,5,8fe2daf0-3a6a-498d-8e86-88814afa3b93,no match,match,no match,no match,no match
scicode,openai/o3-2025-04-16,8,14f97e13-203b-40e1-af8d-0c9a8b23f60f,match,match,no match,match,no match
scicode,openai/o3-2025-04-16,9,4af52136-796b-48f6-bf12-4ac9febb26ea,no match,match,no match,match,no match
scicode,openai/o3-2025-04-16,14,4e56d22d-5cd9-403d-810c-cc5f0254f240,match,match,no match,no match,no match
scicode,openai/o3-2025-04-16,15,5de4f582-e23a-419d-9f77-4f6d0c835c3c,no match,match,no match,no match,no match
scicode,openai/o3-2025-04-16,16,4984e362-8758-4085-ae94-265253254633,no match,match,no match,no match,no match
scicode,openai/o3-2025-04-16,17,9b296c48-f196-43e2-bb6a-4bef94880a92,no match,match,no match,no match,no match
scicode,openai/o3-2025-04-16,18,d7c69c61-93a4-45e9-b8a1-7897e2c6dd76,match,match,no match,no match,no match
scicode,openai/o3-2025-04-16,20,7b5e08fc-24f2-4e80-8270-62a380f4d674,no match,match,no match,no match,no match
scicode,openai/o3-2025-04-16,21,3a3367fa-130a-437e-ac49-bdb105f3afbf,match,match,no match,no match,no match
scicode,openai/o3-2025-04-16,22,2c073d47-16e9-4190-81a1-6e66bb0d3d33,match,match,no match,match,no match
scicode,openai/o3-2025-04-16,23,8c398768-6471-403f-b783-b56f824361cb,no match,match,no match,no match,no match
scicode,openai/o3-2025-04-16,24,b4ba4b0e-a277-4db4-99df-4b6cfdeb8fe8,no match,match,no match,no match,no match
scicode,openai/o3-2025-04-16,25,c2b0f6d4-c07c-40c6-bae7-802c6213e770,match,match,no match,no match,no match
scicode,openai/o3-2025-04-16,26,4b1a73bc-a49c-4aab-8506-e93924b62d39,match,match,no match,no match,no match
scicode,openai/o3-2025-04-16,27,0c0df310-c5d5-45ae-96ea-35f58641254a,match,match,match,no match,no match
scicode,openai/o3-2025-04-16,28,166fa257-4970-4ee3-8c34-35b2f21debcb,match,match,,match,no match
scicode,openai/o3-2025-04-16,30,1188c214-cd44-4f08-b8f7-ea5ffbdd00a4,match,match,no match,no match,no match
scicode,openai/o3-2025-04-16,31,c847de27-4289-443c-8cc6-cc9fdd466f16,match,match,no match,no match,no match
scicode,openai/o3-2025-04-16,32,cdc7ca2d-3d4d-4950-b0fa-32d5d720e332,match,match,no match,no match,no match
scicode,openai/o3-2025-04-16,33,e56f3d7d-3de5-456a-be2f-60facc4bd63f,no match,match,no match,no match,no match
scicode,openai/o3-2025-04-16,34,498c22a9-bd99-4e7c-8246-6e7b8476760c,match,match,no match,no match,no match
scicode,openai/o3-2025-04-16,35,cf80ddb1-0d34-458d-a204-c6c44cd2b8d5,match,match,match,no match,no match
scicode,openai/o3-2025-04-16,36,a874e338-802e-48d2-b0fd-f47a0910dd77,match,match,no match,match,no match
scicode,openai/o3-2025-04-16,37,b1856f92-0bf5-4b73-9711-a60f11cb5102,,,no match,no match,no match
scicode,openai/o3-2025-04-16,39,ec194a69-f5d5-4001-88d4-0b4726d6824c,match,match,no match,match,no match
scicode,openai/o3-2025-04-16,40,9f18b0c3-1260-4722-83ea-9dbed37c51f8,no match,match,no match,no match,no match
scicode,openai/o3-2025-04-16,41,cde369a2-e90b-4cf3-b730-fdf2a0a37555,match,match,match,no match,no match
scicode,openai/o3-2025-04-16,42,5b6db624-50e6-4929-8c6c-6f402b55cac8,no match,match,no match,no match,no match
scicode,openai/o3-2025-04-16,43,d1899597-f0b7-4da6-add4-c34c50dfff06,no match,match,no match,match,no match
scicode,openai/o3-2025-04-16,45,9e5b289f-8a53-4ae7-87b8-be063fcacf5f,no match,match,no match,no match,no match
scicode,openai/o3-2025-04-16,46,669b7810-ac49-4700-b931-64ba198e3705,no match,match,no match,no match,no match
scicode,openai/o3-2025-04-16,48,7d28f949-999a-4d11-a37d-1888ac1a7a09,match,match,no match,no match,no match
scicode,openai/o3-2025-04-16,50,6f724ebe-5f0a-473c-8f92-bb1bd24b3788,match,match,no match,no match,no match
scicode,openai/o3-2025-04-16,52,07d23085-2b8f-4a0a-9808-f546fe7fa2a2,match,match,no match,no match,no match
scicode,openai/o3-2025-04-16,53,07ac7bf4-0b6f-4e77-ab54-fade785dbf81,match,match,no match,no match,no match
scicode,openai/o3-2025-04-16,54,8410c924-2e09-4aaf-950f-fa7df6480a43,no match,match,no match,no match,no match
scicode,openai/o3-2025-04-16,55,037d7c88-46be-4969-86ec-b82c5e65a658,match,match,no match,match,no match
scicode,openai/o3-2025-04-16,56,86acd764-10c7-45d1-9f37-75f73cda9b2e,match,match,no match,no match,no match
scicode,openai/o3-2025-04-16,57,5b6ca2b0-aaa0-47e9-a9d5-9add15967c86,match,match,match,no match,no match
scicode,openai/o3-2025-04-16,58,a1a8a953-1664-40b4-8ec5-e3b77063a5ab,match,match,match,match,no match
scicode,openai/o3-2025-04-16,59,fa09ee48-3949-4603-8dbe-1cc2e7237a78,match,match,no match,no match,no match
scicode,openai/o3-2025-04-16,60,c5720688-5d60-472c-b398-d4a0b288b228,match,match,,no match,no match
scicode,openai/o3-2025-04-16,61,9afe5b77-d004-48f8-ba5c-82bccf5150e4,,match,no match,no match,no match
scicode,openai/o3-2025-04-16,62,05a12910-ac87-4e3c-9f4e-84bafe720eeb,match,match,no match,match,no match
scicode,openai/o3-2025-04-16,63,37cc2e4e-809f-4781-b307-e9ba72e0b213,no match,match,no match,,no match
scicode,openai/o3-2025-04-16,64,f68ab92d-0b31-4f7b-a623-430ef5a5f7a4,match,match,match,no match,no match
scicode,openai/o3-2025-04-16,65,0d3931ad-e2da-445c-af17-7bddd6779615,match,match,no match,no match,no match
scicode,openai/o3-2025-04-16,66,223cecc3-87eb-40b7-a548-3bf1b916af4f,match,match,no match,match,no match
scicode,openai/o3-2025-04-16,67,571b63d0-ebd6-4fae-856c-0c589a8c2619,no match,match,match,no match,no match
scicode,openai/o3-2025-04-16,68,d99cc954-b2ca-45e1-9d78-5918cd16e6cc,no match,match,no match,no match,no match
scicode,openai/o3-2025-04-16,69,6378f475-5e84-4303-aacd-79925a5b13e5,no match,match,no match,no match,no match
scicode,openai/o3-2025-04-16,72,03e36325-3fb4-42af-93a4-f6bff523385c,no match,match,match,no match,no match
scicode,openai/o3-2025-04-16,74,b6c79d4c-9a69-4652-8b3b-69b4491ecce7,no match,match,no match,no match,no match
scicode,openai/o3-2025-04-16,75,ef0ecf0e-8864-483f-8fbb-f1888d88aa42,no match,match,no match,no match,no match
scicode,openai/o3-2025-04-16,76,5d7e7ec5-f323-4347-9dc7-873bc339edde,no match,match,no match,no match,no match
scicode,openai/o3-2025-04-16,79,4f5ce14c-53e9-420d-9093-b132181a6891,match,match,no match,no match,no match
scicode,openai/o3-2025-04-16,80,3d5cb236-f2db-41fc-8be2-60096a522f48,match,match,no match,no match,no match
scicode,openai/o4-mini-2025-04-16_high,2,153d4f74-6ad7-4461-abfc-19ad496358ed,match,match,no match,match,no match
scicode,openai/o4-mini-2025-04-16_high,5,437091ce-1d6f-4f73-95eb-83c11673589b,match,match,match,match,no match
scicode,openai/o4-mini-2025-04-16_high,8,89f3e61c-0ae0-4e71-8d56-67a992d8ddd8,no match,match,no match,match,no match
scicode,openai/o4-mini-2025-04-16_high,9,37485189-67f3-4212-acdb-1bf54e4acf30,no match,match,match,no match,no match
scicode,openai/o4-mini-2025-04-16_high,11,80ea50aa-5ca7-4c22-9841-5f7ceec4e3d8,match,match,match,match,no match
scicode,openai/o4-mini-2025-04-16_high,14,e2d6b40d-646c-46c4-8ed0-20e9ccb4f6ac,no match,match,match,,no match
scicode,openai/o4-mini-2025-04-16_high,15,19bcd3c5-6e32-4d1f-bfc1-d1d62292b419,no match,match,match,match,no match
scicode,openai/o4-mini-2025-04-16_high,16,b838754a-cbde-40b5-99ef-9bf939bc2660,no match,match,match,match,no match
scicode,openai/o4-mini-2025-04-16_high,17,6ce400dd-342f-40d9-8248-cba216d33109,no match,match,match,no match,no match
scicode,openai/o4-mini-2025-04-16_high,18,44632633-9a91-4a9f-9c73-bd249ac08aaf,match,match,match,no match,no match
scicode,openai/o4-mini-2025-04-16_high,20,526b4580-0a45-45de-b045-54b9825bf9c5,no match,match,match,match,no match
scicode,openai/o4-mini-2025-04-16_high,21,8a11bca4-1d50-4a57-97ee-112d82b2bbe5,match,match,match,no match,no match
scicode,openai/o4-mini-2025-04-16_high,22,23fc8132-ace8-4e55-85ad-0389a642b428,match,match,match,match,no match
scicode,openai/o4-mini-2025-04-16_high,23,df0faafd-a89d-49de-a799-2265d3be1479,match,match,match,match,no match
scicode,openai/o4-mini-2025-04-16_high,24,050d27c6-c97f-4808-8ba4-2e805b42d7bc,no match,match,match,no match,no match
scicode,openai/o4-mini-2025-04-16_high,25,a73b7377-b850-4b63-b37d-9e397324dcf2,match,match,match,match,no match
scicode,openai/o4-mini-2025-04-16_high,26,040c2c62-0af7-4a4e-96b3-b28f1dfd227f,match,match,match,match,no match
scicode,openai/o4-mini-2025-04-16_high,27,b791cac7-72ea-4419-907c-6742e7c257eb,no match,match,match,no match,no match
scicode,openai/o4-mini-2025-04-16_high,28,f8100b08-7c18-44dd-97b0-79881505323e,match,match,match,no match,no match
scicode,openai/o4-mini-2025-04-16_high,30,79a262d3-bdae-45a9-b54a-dfd29a03b5a3,match,match,match,match,no match
scicode,openai/o4-mini-2025-04-16_high,31,e0476e1b-0503-44c7-b586-669028a80ecc,match,match,match,match,no match
scicode,openai/o4-mini-2025-04-16_high,32,a334c0cc-e30b-45e4-a85b-52fd1101fbfc,match,match,match,no match,no match
scicode,openai/o4-mini-2025-04-16_high,33,8da697c7-824c-4681-902d-9a183fe34e43,no match,match,no match,match,no match
scicode,openai/o4-mini-2025-04-16_high,34,82fd10d0-d96f-4819-a34b-46df0fbd3389,no match,match,match,no match,no match
scicode,openai/o4-mini-2025-04-16_high,35,5897b1ae-27b0-450e-bc08-d7898cc45d9d,no match,match,no match,no match,no match
scicode,openai/o4-mini-2025-04-16_high,36,abcc97e4-6fce-4407-b2dd-7e8060825ba5,no match,match,no match,match,no match
scicode,openai/o4-mini-2025-04-16_high,37,357ba088-7c5e-4aad-9e23-798fe3ca042e,match,match,,no match,no match
scicode,openai/o4-mini-2025-04-16_high,39,a2d0eeeb-5b4c-452e-90fd-ca7b2c7feaf3,match,match,match,no match,no match
scicode,openai/o4-mini-2025-04-16_high,40,ea269e66-ec1c-4c68-94d4-0e76de4a7218,match,match,,match,no match
scicode,openai/o4-mini-2025-04-16_high,41,c02162a8-9ea3-416f-87af-c93c8e1b802b,match,match,match,no match,no match
scicode,openai/o4-mini-2025-04-16_high,42,85e65f47-d6f7-4d83-a066-796dfa2c9e15,match,match,match,no match,match
scicode,openai/o4-mini-2025-04-16_high,43,2aa0fdc5-2d78-4488-b37e-604a7033316b,match,match,,no match,no match
scicode,openai/o4-mini-2025-04-16_high,45,234aa5a9-51f0-4470-827b-4cb594dbc683,no match,match,match,match,no match
scicode,openai/o4-mini-2025-04-16_high,46,5a34533b-b175-4675-862e-fcca51b079e0,match,match,match,match,no match
scicode,openai/o4-mini-2025-04-16_high,48,c4aee0fd-0422-4425-9f87-7b5cde6e8a16,no match,match,match,no match,
scicode,openai/o4-mini-2025-04-16_high,50,f8c994e5-9bbc-44aa-b48d-c5a4a6fb7c30,match,match,match,no match,no match
scicode,openai/o4-mini-2025-04-16_high,52,df2486af-7163-43b3-b842-cae79e18be4e,no match,no match,match,no match,no match
scicode,openai/o4-mini-2025-04-16_high,53,eb86e42d-3ff1-46f6-8a23-9420649531f2,match,match,match,match,no match
scicode,openai/o4-mini-2025-04-16_high,54,cdcd25da-47ad-4065-a59c-f005bfa412a0,match,match,match,match,no match
scicode,openai/o4-mini-2025-04-16_high,55,dc80405b-3425-454d-aa03-4e5dc78e90d9,match,match,match,match,no match
scicode,openai/o4-mini-2025-04-16_high,56,34638f07-d107-47ac-856b-20c568b79d68,match,match,match,no match,no match
scicode,openai/o4-mini-2025-04-16_high,57,ccde213b-c3ed-4ad8-b605-f372c83e144f,match,no match,match,no match,no match
scicode,openai/o4-mini-2025-04-16_high,58,99629623-d959-4b5b-aa43-9b9cba972d68,match,match,match,match,no match
scicode,openai/o4-mini-2025-04-16_high,59,43cff549-727f-44c2-8c39-a936785da58d,match,match,match,no match,no match
scicode,openai/o4-mini-2025-04-16_high,60,6fc58326-e692-400a-9e2e-09e6fa45de94,match,match,match,match,no match
scicode,openai/o4-mini-2025-04-16_high,61,619ed362-c810-4c9c-93fa-2aa0a5aeb9af,match,match,,,no match
scicode,openai/o4-mini-2025-04-16_high,62,e4603e3b-0f6f-4fa5-8133-b6a3630c6af5,match,match,match,match,no match
scicode,openai/o4-mini-2025-04-16_high,63,990d350e-f78c-489c-90e2-433c540f028f,no match,no match,no match,no match,match
scicode,openai/o4-mini-2025-04-16_high,64,e68bf020-8772-439d-8cd9-9c1a2c0daac2,match,match,match,match,no match
scicode,openai/o4-mini-2025-04-16_high,65,f4026037-8484-4d39-abaa-6d665f5fc476,match,match,match,match,no match
scicode,openai/o4-mini-2025-04-16_high,66,3d80ecbd-1988-4f95-a7ec-737ee4bed947,match,match,match,match,no match
scicode,openai/o4-mini-2025-04-16_high,67,757594a0-b5d0-4098-81eb-464feb751efc,match,match,match,,match
scicode,openai/o4-mini-2025-04-16_high,68,83ba2ce0-483e-48ac-9521-a24ecbcfe5ab,match,match,match,match,no match
scicode,openai/o4-mini-2025-04-16_high,69,9f6c792d-ad58-4f41-bba0-fefca12810e3,match,match,match,match,no match
scicode,openai/o4-mini-2025-04-16_high,71,6f1f873b-4438-4eab-b832-82208b4ab9ab,match,match,match,match,no match
scicode,openai/o4-mini-2025-04-16_high,72,0c3ba793-0955-4f3f-ab01-c2dc610e488a,match,match,match,match,match
scicode,openai/o4-mini-2025-04-16_high,73,cfc573b9-aace-49c9-b39f-69d209c55877,match,match,match,no match,no match
scicode,openai/o4-mini-2025-04-16_high,74,30aed532-855e-417d-8ad4-96b649ac3553,match,match,no match,no match,no match
scicode,openai/o4-mini-2025-04-16_high,75,bd379ded-f9fb-4455-8085-1a9167db4f48,match,match,match,match,no match
scicode,openai/o4-mini-2025-04-16_high,76,17787b92-14fb-4ddc-a9aa-b464999cfe9a,match,match,match,match,no match
scicode,openai/o4-mini-2025-04-16_high,77,f1e26bdc-8288-4ce0-b5b2-1ef036c319a8,match,match,match,match,no match
scicode,openai/o4-mini-2025-04-16_high,79,9f4bcc69-c351-4535-9451-9b32825bbf4b,match,match,match,match,no match
scicode,openai/o4-mini-2025-04-16_high,80,f4094f0f-08b7-45d8-8d33-39b57d41d8bd,match,match,match,match,no match
scicode,openai/o4-mini-2025-04-16_low,2,1e45a728-dd11-470b-b7b5-04f0346dff9c,match,match,no match,match,no match
scicode,openai/o4-mini-2025-04-16_low,5,6a94892d-2541-42c5-8240-0e13ed6ca1a4,match,match,no match,no match,no match
scicode,openai/o4-mini-2025-04-16_low,8,3b6eaa47-d5ee-4ec2-a1c6-0737bef01ec7,match,match,no match,no match,no match
scicode,openai/o4-mini-2025-04-16_low,9,40e79f60-23d9-49d7-a4a0-9df0ba0982f4,match,match,match,no match,no match
scicode,openai/o4-mini-2025-04-16_low,11,8f0721eb-9564-442c-8b48-55c6d0efb705,match,match,match,match,no match
scicode,openai/o4-mini-2025-04-16_low,14,0e8fb15c-ad56-4571-a1d0-9c821d7cc582,no match,match,no match,match,no match
scicode,openai/o4-mini-2025-04-16_low,15,e7b00696-5dae-44f6-a7a9-71afcd1331c3,match,match,match,match,no match
scicode,openai/o4-mini-2025-04-16_low,16,2fdfb5d9-8e42-41e5-9e4f-401b1a471728,match,match,no match,match,no match
scicode,openai/o4-mini-2025-04-16_low,17,5b1911db-ddbc-4acb-a883-17f2965acb66,match,match,match,no match,no match
scicode,openai/o4-mini-2025-04-16_low,18,d790eca5-42b6-4b2c-8413-7750252da04b,no match,match,match,no match,no match
scicode,openai/o4-mini-2025-04-16_low,20,b11b5cc5-f35e-4e01-a1a7-e4b674dbfdf2,match,match,match,no match,no match
scicode,openai/o4-mini-2025-04-16_low,21,85afbe58-99ec-4f71-9e49-2afbe040c3ea,no match,match,match,no match,no match
scicode,openai/o4-mini-2025-04-16_low,22,8d01e771-2618-49e1-8a24-01bb0f1688ec,match,match,no match,match,no match
scicode,openai/o4-mini-2025-04-16_low,23,91827d63-16c2-4d64-8402-50e68ea7a1ac,match,match,match,match,no match
scicode,openai/o4-mini-2025-04-16_low,24,5486fe3c-7016-43d8-91c6-2df19716b276,match,match,match,no match,no match
scicode,openai/o4-mini-2025-04-16_low,25,fb494ed5-14b1-497d-870a-263d066201b3,match,match,match,no match,no match
scicode,openai/o4-mini-2025-04-16_low,26,c1cd5e97-2e85-4d3f-ae89-f2dceb3b1950,match,match,match,no match,no match
scicode,openai/o4-mini-2025-04-16_low,27,befbc690-cc5e-4f56-ac70-5d6ef31ea95d,no match,match,match,no match,no match
scicode,openai/o4-mini-2025-04-16_low,28,72583de9-7da0-4afd-ae59-ef9809c9f870,no match,match,no match,match,no match
scicode,openai/o4-mini-2025-04-16_low,30,91a302ea-1b82-467a-9a1c-348b6da27853,match,match,match,match,no match
scicode,openai/o4-mini-2025-04-16_low,31,beb0153e-ef3c-4bf6-93e8-752b758011b1,no match,match,match,no match,no match
scicode,openai/o4-mini-2025-04-16_low,32,300ef58f-e71d-4516-90a9-68cf7017b133,match,match,no match,no match,no match
scicode,openai/o4-mini-2025-04-16_low,33,746815bf-c519-4c70-b8fd-9f2e93ba869a,match,match,no match,match,no match
scicode,openai/o4-mini-2025-04-16_low,34,8f2dee6d-b226-442a-bf71-16c6af02877a,no match,match,match,no match,no match
scicode,openai/o4-mini-2025-04-16_low,35,0bac0fb6-2a2c-496d-8491-659a35145bb8,match,match,match,no match,no match
scicode,openai/o4-mini-2025-04-16_low,36,06856db9-a646-4874-8d54-75b3f8db9a1a,match,match,match,no match,no match
scicode,openai/o4-mini-2025-04-16_low,37,b3fc213d-88cb-4638-9999-c523847b47da,match,match,no match,no match,no match
scicode,openai/o4-mini-2025-04-16_low,39,4d262508-886b-4cf9-a0b8-3d27e1d0fd31,match,match,no match,no match,no match
scicode,openai/o4-mini-2025-04-16_low,40,d8f7dd4e-4ab1-4466-8163-01a4a845c594,no match,no match,match,no match,no match
scicode,openai/o4-mini-2025-04-16_low,41,a5840dbf-667a-46d6-8241-64a16c9424ce,match,match,match,match,no match
scicode,openai/o4-mini-2025-04-16_low,42,80866ed9-84c1-4246-8ab4-b0d33fe2ebc1,match,match,match,no match,no match
scicode,openai/o4-mini-2025-04-16_low,43,d36eefb8-30bc-4b9f-9df7-233c0609b521,no match,match,match,match,no match
scicode,openai/o4-mini-2025-04-16_low,45,6d2a2701-0972-4824-be6e-4c643dc5f60c,no match,match,match,match,no match
scicode,openai/o4-mini-2025-04-16_low,46,f3da36aa-6eb4-4373-a4f7-6b8db0991e1b,match,match,match,match,no match
scicode,openai/o4-mini-2025-04-16_low,48,7282c882-bf49-4ed3-a23f-770915098072,match,match,match,match,no match
scicode,openai/o4-mini-2025-04-16_low,50,720f0a67-a24f-41e7-8899-fcad688870ad,match,match,match,no match,no match
scicode,openai/o4-mini-2025-04-16_low,52,e1742494-cff6-4143-9a26-517f2e052b79,match,match,match,match,no match
scicode,openai/o4-mini-2025-04-16_low,53,b04a77a1-1a68-4515-8e17-15521dabf7e2,match,match,match,match,no match
scicode,openai/o4-mini-2025-04-16_low,54,99d25faa-573a-49ac-8e3b-d92b37524f2b,match,match,match,match,no match
scicode,openai/o4-mini-2025-04-16_low,55,11717fc1-a707-42a2-96af-88b4b73ce0cf,match,match,no match,match,no match
scicode,openai/o4-mini-2025-04-16_low,56,53909a16-a096-4d8e-b112-5790f13fd47c,match,match,match,match,no match
scicode,openai/o4-mini-2025-04-16_low,57,76664cba-f524-4e53-b065-35463e482361,no match,match,match,match,no match
scicode,openai/o4-mini-2025-04-16_low,58,b48581e0-02c0-4763-89d9-3f8206260556,match,match,match,match,no match
scicode,openai/o4-mini-2025-04-16_low,59,3768456c-3a01-4ddb-b2a0-81fda95b8ea9,match,match,match,match,no match
scicode,openai/o4-mini-2025-04-16_low,60,1596c045-493e-4b59-94ac-b56bd54fea3c,match,match,match,match,no match
scicode,openai/o4-mini-2025-04-16_low,61,ec46876a-b947-49a8-baec-f24489e4bcd0,match,match,match,match,no match
scicode,openai/o4-mini-2025-04-16_low,62,a8a75e7d-f543-4a75-ab21-e0da6311bb33,match,match,no match,match,no match
scicode,openai/o4-mini-2025-04-16_low,63,db1cccf8-3667-4588-b6aa-6797a7f126ad,no match,match,,match,no match
scicode,openai/o4-mini-2025-04-16_low,64,54404fde-b8ef-47af-b9aa-6547dbfce49b,match,match,,match,no match
scicode,openai/o4-mini-2025-04-16_low,65,c7259749-c537-4624-884e-a756e1dcf0ab,match,match,match,match,no match
scicode,openai/o4-mini-2025-04-16_low,66,1b79d396-882d-40fe-8cc2-100b5705bf00,match,match,,match,
scicode,openai/o4-mini-2025-04-16_low,67,034e9df5-cee1-481d-b71c-f711911535b5,match,match,match,,no match
scicode,openai/o4-mini-2025-04-16_low,68,8e8c9677-6b98-4bfb-af92-b397814aa077,match,match,match,match,no match
scicode,openai/o4-mini-2025-04-16_low,69,4e8be211-07c0-4811-965a-432efddd2609,match,match,match,no match,no match
scicode,openai/o4-mini-2025-04-16_low,71,80e7a09a-9c10-4793-b23e-3c08a1e7ac7c,match,match,match,no match,no match
scicode,openai/o4-mini-2025-04-16_low,72,ce4bbb97-526b-4720-b422-afe930518501,match,match,,no match,no match
scicode,openai/o4-mini-2025-04-16_low,73,b60cb53d-7c6c-4b2c-a55b-0d41a39dfa5a,match,match,match,match,no match
scicode,openai/o4-mini-2025-04-16_low,74,6eeaf2da-4cc6-46bf-8bb4-2172394d7617,match,match,no match,no match,no match
scicode,openai/o4-mini-2025-04-16_low,75,978d0887-79ef-470d-a921-14a0164fa26d,no match,match,match,match,no match
scicode,openai/o4-mini-2025-04-16_low,76,7d1d78c1-5a71-4c2e-bd7b-fe2bdca74c96,no match,match,match,no match,no match
scicode,openai/o4-mini-2025-04-16_low,77,e332def1-7bff-4031-ad84-76a188b05c29,match,match,match,match,no match
scicode,openai/o4-mini-2025-04-16_low,79,eabc66f8-7c12-45ce-8acf-3406e93b8085,match,match,no match,no match,no match
scicode,openai/o4-mini-2025-04-16_low,80,44381ff0-f06b-429e-aa3f-5d022063e465,match,match,match,match,no match
scicode,openrouter/anthropic/claude-opus-4.1,2,0a5af24c-dfb4-4a7b-a2c7-644c77353539,match,match,no match,match,no match
scicode,openrouter/anthropic/claude-opus-4.1,5,4015ad3e-a502-4a8a-bdd9-f6fcba9c567d,no match,match,no match,match,no match
scicode,openrouter/anthropic/claude-opus-4.1,14,743cc8d6-bcad-47c5-b5e4-81d55c1c8c78,match,match,no match,no match,
scicode,openrouter/anthropic/claude-opus-4.1,15,429a33dd-6c9f-4b56-adb8-5d069246aa04,match,match,match,no match,no match
scicode,openrouter/anthropic/claude-opus-4.1,16,7275c6df-9da6-458f-99a9-4550729a2cc4,match,match,match,no match,no match
scicode,openrouter/anthropic/claude-opus-4.1,17,5e7e911c-7aad-4879-abd5-221c286f3412,no match,match,,no match,no match
scicode,openrouter/anthropic/claude-opus-4.1,18,2e475c7b-7e6e-4b2f-be4b-716d2d24008c,no match,match,match,no match,no match
scicode,openrouter/anthropic/claude-opus-4.1,20,24c16bf1-00c9-41bc-8a7f-10a17c76decf,match,match,match,no match,no match
scicode,openrouter/anthropic/claude-opus-4.1,21,8e01a5ec-7019-4e97-bd88-031efa8a5170,match,match,match,no match,no match
scicode,openrouter/anthropic/claude-opus-4.1,22,48517759-fdd5-4164-b2de-55f494576971,match,match,match,match,no match
scicode,openrouter/anthropic/claude-opus-4.1,23,dffc6d4e-57fd-4e73-bec2-6f6f3aec2f9d,match,match,match,no match,no match
scicode,openrouter/anthropic/claude-opus-4.1,24,6ee9f64f-a584-4207-8c04-cdef5e17804d,,match,match,,no match
scicode,openrouter/anthropic/claude-opus-4.1,25,e30810fa-f449-4ca6-a5c3-d6930162a307,match,match,match,no match,no match
scicode,openrouter/anthropic/claude-opus-4.1,26,876cd655-d9f3-4b00-9e44-e45ddf1be081,match,match,match,no match,no match
scicode,openrouter/anthropic/claude-opus-4.1,27,e75042c6-c69a-4c53-a161-2da76c83d799,,match,match,match,no match
scicode,openrouter/anthropic/claude-opus-4.1,28,19a1e790-5594-41fa-bf40-fde80209548d,match,match,match,no match,no match
scicode,openrouter/anthropic/claude-opus-4.1,30,02ea04df-9006-4c2e-a318-83630a2a8973,match,match,match,no match,no match
scicode,openrouter/anthropic/claude-opus-4.1,31,6101cc84-bc6c-4734-af61-aa8e354bff85,match,match,match,no match,no match
scicode,openrouter/anthropic/claude-opus-4.1,32,fad71921-a0f4-4e53-9eba-709cc8e032b5,match,match,match,match,no match
scicode,openrouter/anthropic/claude-opus-4.1,33,1aa1c13b-b321-4398-aa96-85740237e279,match,match,match,no match,no match
scicode,openrouter/anthropic/claude-opus-4.1,34,58d9336c-dd09-48b2-8b99-4e3495978eff,no match,match,match,no match,no match
scicode,openrouter/anthropic/claude-opus-4.1,35,ecdc5a4e-4256-4b61-8490-86ab01ec320a,no match,match,match,no match,no match
scicode,openrouter/anthropic/claude-opus-4.1,36,9596d46b-9883-495d-af92-4e901cf1d31a,no match,match,match,no match,no match
scicode,openrouter/anthropic/claude-opus-4.1,37,500dcc63-f4ba-4ef8-b17d-9c445e23e202,match,match,match,no match,no match
scicode,openrouter/anthropic/claude-opus-4.1,39,a42f7a57-5e4c-4b3b-97b9-bb0087156001,no match,no match,match,no match,no match
scicode,openrouter/anthropic/claude-opus-4.1,40,ee569495-e12c-4e98-a08f-573c0f8eb596,match,match,match,match,no match
scicode,openrouter/anthropic/claude-opus-4.1,41,f2b0cd3a-1626-4195-be65-c2079439bd69,match,match,match,no match,no match
scicode,openrouter/anthropic/claude-opus-4.1,42,10409b75-9c58-4df6-93a8-893a6496a374,match,match,match,no match,no match
scicode,openrouter/anthropic/claude-opus-4.1,43,5c795b4d-d0d5-440c-b576-01dd60203175,match,match,match,no match,no match
scicode,openrouter/anthropic/claude-opus-4.1,45,81ece2ea-6326-4932-9090-dd91b5e8a5c7,no match,match,match,no match,no match
scicode,openrouter/anthropic/claude-opus-4.1,46,d1e44781-cbaf-4169-a509-ab06eb6809b8,match,match,match,no match,no match
scicode,openrouter/anthropic/claude-opus-4.1,48,5400941f-1cee-4afc-a0b6-fde9733e90e9,match,match,match,no match,no match
scicode,openrouter/anthropic/claude-opus-4.1,50,c8620bca-3134-4448-9768-efacd90984e1,match,match,match,no match,no match
scicode,openrouter/anthropic/claude-opus-4.1,52,07f83e6e-c7d6-4afc-8f68-f9dce4756aa4,no match,match,match,no match,no match
scicode,openrouter/anthropic/claude-opus-4.1,53,47366907-5acf-404c-bf84-953f56d3d96d,match,match,match,,no match
scicode,openrouter/anthropic/claude-opus-4.1,54,842bdbe6-a341-452e-89c4-8cb2b6a8d760,no match,match,match,no match,no match
scicode,openrouter/anthropic/claude-opus-4.1,55,de5fad60-39a6-4707-a36c-f6058c6bcf4c,match,match,,no match,no match
scicode,openrouter/anthropic/claude-opus-4.1,56,2b23bc57-5b7c-4654-83a0-b58b721c7640,match,match,match,no match,no match
scicode,openrouter/anthropic/claude-opus-4.1,57,f5a9912a-db18-4d4c-9846-cbe14eab2062,match,match,match,match,no match
scicode,openrouter/anthropic/claude-opus-4.1,58,5badb2c4-5789-41d3-b260-e900334ce7fc,no match,match,match,no match,no match
scicode,openrouter/anthropic/claude-opus-4.1,59,9938f8e0-22be-450e-8d12-2bfdf1463e86,match,match,match,match,no match
scicode,openrouter/anthropic/claude-opus-4.1,60,7f944f0b-484f-4a79-9ab9-928abae54a5a,match,match,match,no match,no match
scicode,openrouter/anthropic/claude-opus-4.1,61,79030bae-baae-4227-ac1f-3815875fcc46,no match,match,match,no match,no match
scicode,openrouter/anthropic/claude-opus-4.1,62,324f22a5-aad0-4452-a041-6c83e22acb87,match,match,match,no match,no match
scicode,openrouter/anthropic/claude-opus-4.1,63,25b4e4b6-78b4-4add-b7cf-a250b7e3ac42,match,match,match,no match,no match
scicode,openrouter/anthropic/claude-opus-4.1,64,42e6701c-5fcc-4749-a05a-087bd0a4e315,match,no match,match,no match,no match
scicode,openrouter/anthropic/claude-opus-4.1,65,8ee97cfb-c8bf-4b3b-9361-7a90d43f120a,match,match,match,no match,no match
